"Original","Current","SHA256","Module"
"D:\Github\deConfUSIon\deConfUSIon_add_preproc_lazy_datasets.m","D:\Github\deConfUSIon\lib\metadata\deConfUSIon_add_preproc_lazy_datasets.m","D6134FD5EC77D3BC04065DA6EC8319BE6B8A590A0BC1A85BCE1CB49F70CE59E5","metadata"
"D:\Github\deConfUSIon\deConfUSIon_apply_rgb2acr.m","D:\Github\deConfUSIon\lib\atlas\deConfUSIon_apply_rgb2acr.m","790E4C1CF6235CB3140DD5989CA2BC0FDB4ACC9201D67EC0FA3FEE28C47BCF0E","atlas"
"D:\Github\deConfUSIon\deConfUSIon_auto_register_3d.m","D:\Github\deConfUSIon\lib\atlas\deConfUSIon_auto_register_3d.m","9AE11D655C326E41588BFC1A69EF8DE6C2E6B46802D4CFCE994AD23ADB8F7E59","atlas"
"D:\Github\deConfUSIon\deConfUSIon_best_visible_dataset_name.m","D:\Github\deConfUSIon\lib\metadata\deConfUSIon_best_visible_dataset_name.m","A60E4C617E3C91CE1F32E54D2D8E42F17D0897B4E6237F76F5C2F85D1DA35230","metadata"
"D:\Github\deConfUSIon\deConfUSIon_build_artifact_regressors.m","D:\Github\deConfUSIon\lib\preprocessing\deConfUSIon_build_artifact_regressors.m","FF7862B31FF4C561EB430764F5BA1E22F4CEE7EF112B5A88D2C7B3D79A09DAED","preprocessing"
"D:\Github\deConfUSIon\deConfUSIon_build_compcor_regressors.m","D:\Github\deConfUSIon\lib\preprocessing\deConfUSIon_build_compcor_regressors.m","1A40835CD0AC75A62518A30C2D6DBFEB121F0EC9F831C734F4BBA65CF9B1BC9B","preprocessing"
"D:\Github\deConfUSIon\deConfUSIon_collapse_time.m","D:\Github\deConfUSIon\lib\preprocessing\deConfUSIon_collapse_time.m","B67A91109D2DF5728AEC1D6F27E9179A0D761FA7EF99FE1EE8487E4613CA6CCC","preprocessing"
"D:\Github\deConfUSIon\deConfUSIon_commit_full_display_name.m","D:\Github\deConfUSIon\lib\metadata\deConfUSIon_commit_full_display_name.m","4C55D0A5F72ECC9EFE9B251F771E3B9A4484681C319CEA27737793AF1A2ADB4C","metadata"
"D:\Github\deConfUSIon\deConfUSIon_compact_chain_name.m","D:\Github\deConfUSIon\lib\metadata\deConfUSIon_compact_chain_name.m","5E748BBA32A850E391D8A87FA56E61AB66BE295B49935A8F8C5D8F53E8843689","metadata"
"D:\Github\deConfUSIon\deConfUSIon_detect_modality.m","D:\Github\deConfUSIon\lib\metadata\deConfUSIon_detect_modality.m","55567CE508D27FC78ECD5BDE812B5C4C415DF11B15B1B4E42B95950B197450F5","metadata"
"D:\Github\deConfUSIon\deConfUSIon_display_from_file_context.m","D:\Github\deConfUSIon\lib\metadata\deConfUSIon_display_from_file_context.m","677E0A507FFE8F0222ACC45A3F67FDE7747BFDFA90FFE98FB385491F79CBB9D1","metadata"
"D:\Github\deConfUSIon\deConfUSIon_display_name_from_sources.m","D:\Github\deConfUSIon\lib\metadata\deConfUSIon_display_name_from_sources.m","922FA1126459A46003DF46881F59CB4BFF2C9206FEB5F1A3A7817323AE522A4C","metadata"
"D:\Github\deConfUSIon\deConfUSIon_display_short_name.m","D:\Github\deConfUSIon\lib\metadata\deConfUSIon_display_short_name.m","FB5900631D13DBA90C282A89DC0F8E1123F3E84EF6C6E3252468A32B29A6593B","metadata"
"D:\Github\deConfUSIon\deConfUSIon_drift_dialog.m","D:\Github\deConfUSIon\lib\preprocessing\deConfUSIon_drift_dialog.m","6BB64CC2227501F4C8C261FBEF91221276FEC27B102546ABBE617473A894E2A7","preprocessing"
"D:\Github\deConfUSIon\deConfUSIon_drift_roi_picker.m","D:\Github\deConfUSIon\lib\preprocessing\deConfUSIon_drift_roi_picker.m","0F7CAF3F6B67B2C9D56BBC2140F213AF9593C9A400E3B314D4AD4EB7CDEB4D8E","preprocessing"
"D:\Github\deConfUSIon\deConfUSIon_driftcompensation_core.m","D:\Github\deConfUSIon\lib\preprocessing\deConfUSIon_driftcompensation_core.m","6D352E147617FB5CE10F94CF0849383DA2B14483416E89E98E2A33D28BEF8D89","preprocessing"
"D:\Github\deConfUSIon\deConfUSIon_FC_find_stepmotor_txt_names.m","D:\Github\deConfUSIon\lib\connectivity\deConfUSIon_FC_find_stepmotor_txt_names.m","26CFBB3EA837FADE381447FB53F920C5C7FC8EF57BE0E7C07B72F0AC6368A062","connectivity"
"D:\Github\deConfUSIon\deConfUSIon_FC_force_layout.m","D:\Github\deConfUSIon\lib\connectivity\deConfUSIon_FC_force_layout.m","DD75F06220B00F4B0570B4ED29F8E5DDF90760075A937DBF4CD371E887C65ABF","connectivity"
"D:\Github\deConfUSIon\deConfUSIon_fc_jm_order.m","D:\Github\deConfUSIon\lib\connectivity\deConfUSIon_fc_jm_order.m","4DE833D364D60368B4F53516A1503C40719E122422B4E983C157F4DBC45DE594","connectivity"
"D:\Github\deConfUSIon\deConfUSIon_FC_layout.m","D:\Github\deConfUSIon\lib\connectivity\deConfUSIon_FC_layout.m","783A662C009BB82EEAD94B65D76959C75AE3747EE02129E96A35660C8F4C8895","connectivity"
"D:\Github\deConfUSIon\deConfUSIon_FC_make_slice_roi_result.m","D:\Github\deConfUSIon\lib\connectivity\deConfUSIon_FC_make_slice_roi_result.m","5FB22D940EC2737378FDBC0EB96E4570F0DE906A35992DF4EA0D86AC7F82AE5F","connectivity"
"D:\Github\deConfUSIon\deConfUSIon_FC_read_region_names_file.m","D:\Github\deConfUSIon\lib\connectivity\deConfUSIon_FC_read_region_names_file.m","15E1B18E679833FAD8600E347E82B710ACA1285B6E0836E859111FA655CCE6BC","connectivity"
"D:\Github\deConfUSIon\deConfUSIon_FC_remember_layout.m","D:\Github\deConfUSIon\lib\connectivity\deConfUSIon_FC_remember_layout.m","4FFB36DF1672E71BBCB7ABAC7FBF28AB783D9587B22FD74EDBDC4D440F5A6C2F","connectivity"
"D:\Github\deConfUSIon\deConfUSIon_FC_stepmotor_read_folder.m","D:\Github\deConfUSIon\lib\connectivity\deConfUSIon_FC_stepmotor_read_folder.m","E76EEBA593D4EAC40F65B0BDE6FF0672D288C6CF4B78C760F451A7CB74D38147","connectivity"
"D:\Github\deConfUSIon\deConfUSIon_find_stepmotor_seg_fc_files.m","D:\Github\deConfUSIon\lib\connectivity\deConfUSIon_find_stepmotor_seg_fc_files.m","26B9227D44E5B32EA180C1A637495F798C2D065ADED0A0566E6C0B7A5391577E","connectivity"
"D:\Github\deConfUSIon\deConfUSIon_finish_saves.m","D:\Github\deConfUSIon\lib\io\deConfUSIon_finish_saves.m","01252C3C45976B020ED4219656DA05162EF01A40939102FA6EA8BEC6921F832A","io"
"D:\Github\deConfUSIon\deConfUSIon_fix_processing_name.m","D:\Github\deConfUSIon\lib\metadata\deConfUSIon_fix_processing_name.m","9A9A8B6EBBDDD8C0DA6E0819152AE6D9DCEC49F7DC55BAE1CAE9F3C8E4A1C1C2","metadata"
"D:\Github\deConfUSIon\deConfUSIon_fix_scm_video_dialog_fonts.m","D:\Github\deConfUSIon\lib\display\deConfUSIon_fix_scm_video_dialog_fonts.m","80BFD911D02353F95B5336F39DEBED788FD5AEA27E0B7FE014FE0E1A1A4A848F","display"
"D:\Github\deConfUSIon\deConfUSIon_fix_studio_dataset_names.m","D:\Github\deConfUSIon\lib\metadata\deConfUSIon_fix_studio_dataset_names.m","06F2E30FAD61983941A1F25371C37B1D961F79D13846881924674133F8C67A79","metadata"
"D:\Github\deConfUSIon\deConfUSIon_pacap_common_drift_stats.m","D:\Github\deConfUSIon\lib\preprocessing\deConfUSIon_pacap_common_drift_stats.m","3CA9AD9F588161E0B82741912416CD33B56FCD6E87739CA3632EB55D81B94366","preprocessing"
"D:\Github\deConfUSIon\deConfUSIon_pacap_response_estimator.m","D:\Github\deConfUSIon\lib\preprocessing\deConfUSIon_pacap_response_estimator.m","4E386D700309D513DC62CC6B7F1F9D3091EA48593A0A893E3941D2AA6192820F","preprocessing"
"D:\Github\deConfUSIon\deConfUSIon_popup_autofit_apply.m","D:\Github\deConfUSIon\lib\display\deConfUSIon_popup_autofit_apply.m","CBE25CF5E614BCD18A1E298AE94A134EEFC1860FBAECA49ECBD2707412B8DDF7","display"
"D:\Github\deConfUSIon\deConfUSIon_popup_autofit_timer.m","D:\Github\deConfUSIon\lib\display\deConfUSIon_popup_autofit_timer.m","4A0DD010DBAA1A237CE5B2FB4DDF216C33D6B341A8AC2FDA07B4880B1515F40F","display"
"D:\Github\deConfUSIon\deConfUSIon_popup_polish_now.m","D:\Github\deConfUSIon\lib\display\deConfUSIon_popup_polish_now.m","D893B1690DDE67B3FD12089692CC367CCB0C6D07B2DC8DBAC9DF552B7805CE9E","display"
"D:\Github\deConfUSIon\deConfUSIon_prepare_atlas.m","D:\Github\deConfUSIon\lib\atlas\deConfUSIon_prepare_atlas.m","47E632DB28BC63E8908A13E957E7D200D40294DD663457F14F549E8C1C3CC646","atlas"
"D:\Github\deConfUSIon\deConfUSIon_read_processing_metadata.m","D:\Github\deConfUSIon\lib\metadata\deConfUSIon_read_processing_metadata.m","5F229DF35BBDF7A4F3E39917FECD31DB470004106B058239D38A1C2737B1E955","metadata"
"D:\Github\deConfUSIon\deConfUSIon_region_groups.m","D:\Github\deConfUSIon\lib\atlas\deConfUSIon_region_groups.m","92B4C2C33A591E5C5018607B34C74A7FA9483927598560DA40B99E458366A115","atlas"
"D:\Github\deConfUSIon\deConfUSIon_safe_preproc_save_path.m","D:\Github\deConfUSIon\lib\io\deConfUSIon_safe_preproc_save_path.m","26AC65AC2449C8E43AB9D76FDFAF070E77EE9D7461274A291A493BDB4705AF6F","io"
"D:\Github\deConfUSIon\deConfUSIon_spatial_cca_simple.m","D:\Github\deConfUSIon\lib\preprocessing\deConfUSIon_spatial_cca_simple.m","DA503667389E346DA9AE822E1594510AB3403783A88E28D0759474B9F52F0EBF","preprocessing"
"D:\Github\deConfUSIon\deConfUSIon_svd_clutter_gui.m","D:\Github\deConfUSIon\lib\preprocessing\deConfUSIon_svd_clutter_gui.m","234B6ADBFD6139BF457F13179B3B3652F14804CEF021A091A70941C9B3BC7C8C","preprocessing"
"D:\Github\deConfUSIon\deConfUSIon_svd_clutter.m","D:\Github\deConfUSIon\lib\preprocessing\deConfUSIon_svd_clutter.m","18529D017769510426E15B0D7C98AB25ED928A054592834CC65A052694BFCB60","preprocessing"
"D:\Github\deConfUSIon\deConfUSIon_write_full_display_metadata.m","D:\Github\deConfUSIon\lib\metadata\deConfUSIon_write_full_display_metadata.m","E747A84B2BE91C6A5975AE7BCE792DEA6FF53A3418DB0BC20F4B28EE0DD0DA08","metadata"
"D:\Github\deConfUSIon\fusiAnalysisOutputPath.m","D:\Github\deConfUSIon\lib\io\fusiAnalysisOutputPath.m","988B88FCC8D2E0C137D796AACCCD86569E08BCFDF0A37C978AECE0EC8AB79EC2","io"
"D:\Github\deConfUSIon\fusiAtlasBrainMask.m","D:\Github\deConfUSIon\lib\atlas\fusiAtlasBrainMask.m","49F72445AEE6D021D62CA277A123E34FB006788688525B1488816601F0DFCBF4","atlas"
"D:\Github\deConfUSIon\fusiAtlasRecordingGrid3D.m","D:\Github\deConfUSIon\lib\atlas\fusiAtlasRecordingGrid3D.m","1148F41EEBD095862631306EBCB04873C0533EA1500A3B1259C2100603515A67","atlas"
"D:\Github\deConfUSIon\fusiAtlasReferenceSlabs.m","D:\Github\deConfUSIon\lib\atlas\fusiAtlasReferenceSlabs.m","BC1E301832182374C86FC5C20A6B50E63A56ABD8DD9FB84E93E1EDCE37ADC4F5","atlas"
"D:\Github\deConfUSIon\fusiAtlasRegionCatalog.m","D:\Github\deConfUSIon\lib\atlas\fusiAtlasRegionCatalog.m","598FD75A8D697A403393024587031344A9F87020D650B6A3F0DDE53619352D61","atlas"
"D:\Github\deConfUSIon\fusiAtlasRegionGrouping.m","D:\Github\deConfUSIon\lib\atlas\fusiAtlasRegionGrouping.m","6409449A30E9D0DB191DDF19647A43AAD6D462507324A9054E821DDEF9C18F81","atlas"
"D:\Github\deConfUSIon\fusiAtlasRegionInput.m","D:\Github\deConfUSIon\lib\atlas\fusiAtlasRegionInput.m","62F8E6465A7591C65C5188A7CE99F9B06B3E6D4046BCAAE9536A31E4321785BC","atlas"
"D:\Github\deConfUSIon\fusiAtlasRegroupUnderlay3D.m","D:\Github\deConfUSIon\lib\atlas\fusiAtlasRegroupUnderlay3D.m","ECA8C04CD9805AEA02A254FBB719F74555BEDC0FC72F5D10A2DE521DCC2164BB","atlas"
"D:\Github\deConfUSIon\fusiAtlasSearchContext.m","D:\Github\deConfUSIon\lib\atlas\fusiAtlasSearchContext.m","83730B1BE67D21E784F72F78258A2704A1E1C2E0A8EF51FB21CB46B205EC7F2C","atlas"
"D:\Github\deConfUSIon\fusiAtlasSizeMatrix.m","D:\Github\deConfUSIon\lib\atlas\fusiAtlasSizeMatrix.m","68531D4EE2F5CF2D300613DC306E1F14E7467B44A9549A31AE30934BFAA7D932","atlas"
"D:\Github\deConfUSIon\fusiAtlasTransformFolder.m","D:\Github\deConfUSIon\lib\atlas\fusiAtlasTransformFolder.m","001A84E4378E26CB2F6B8E19F0AA1664A9C8B07288448D1A05FD969A4DBA4607","atlas"
"D:\Github\deConfUSIon\fusiAtlasUnderlayChoices.m","D:\Github\deConfUSIon\lib\atlas\fusiAtlasUnderlayChoices.m","074D538074FC9F77E8BFA3973EC6FA7AEFC9A450C39C061DEF6884E252A04C23","atlas"
"D:\Github\deConfUSIon\fusiAtlasUnderlayDisplay3D.m","D:\Github\deConfUSIon\lib\atlas\fusiAtlasUnderlayDisplay3D.m","A1C448CBF3B9FA5A524784C377BDD93E8C2762D682B6699224A667A6EB843778","atlas"
"D:\Github\deConfUSIon\fusiAtlasUnderlayLibrary2D.m","D:\Github\deConfUSIon\lib\atlas\fusiAtlasUnderlayLibrary2D.m","769FB06DA9D01E382A0A036EE64900C1923C8586CDE1F65C8C5BF3384F121143","atlas"
"D:\Github\deConfUSIon\fusiAtlasUnderlayView3D.m","D:\Github\deConfUSIon\lib\atlas\fusiAtlasUnderlayView3D.m","333B20CA785EF420B010DE84AD876A72FAFCE4A7BCE0CBE69109A20A1D97385F","atlas"
"D:\Github\deConfUSIon\fusiAutoMaskVolume3D.m","D:\Github\deConfUSIon\lib\display\fusiAutoMaskVolume3D.m","3FA3C3CD2E158BA5F3B7188A47EC5DF15802397BFD1A04B03479CFBDE539F804","display"
"D:\Github\deConfUSIon\fusiBregmaAnchors.m","D:\Github\deConfUSIon\lib\atlas\fusiBregmaAnchors.m","6B658BD6D89F033631C3102EDB846339D487F7DCAA4C1513D2283F853682E51B","atlas"
"D:\Github\deConfUSIon\fusiCachedAtlasUnderlay3D.m","D:\Github\deConfUSIon\lib\atlas\fusiCachedAtlasUnderlay3D.m","308CF91500D70FC607188E0A0C1289FB08050CAF3EE9F27BCF4F979ADCBC6FAA","atlas"
"D:\Github\deConfUSIon\fusiCachedAtlasUnderlayView3D.m","D:\Github\deConfUSIon\lib\atlas\fusiCachedAtlasUnderlayView3D.m","398D3AD46EB00D5BE504606B4B256844B48EAA32BCB3FEA95C17E773A3BC834E","atlas"
"D:\Github\deConfUSIon\fusiChooseUnderlayFile.m","D:\Github\deConfUSIon\lib\atlas\fusiChooseUnderlayFile.m","8083281592F76635AC20E2E74CA35F6269A1EAA25AEF09427E9CAE93D2A48BC3","atlas"
"D:\Github\deConfUSIon\fusiCopyVideoMask.m","D:\Github\deConfUSIon\lib\display\fusiCopyVideoMask.m","E4A73FC037CEAAC1FAC9C0587ED6E6DC6F04FD9F2F6FC1F2B39B4CA3F671AE4E","display"
"D:\Github\deConfUSIon\fusiCoronalSliceGuide.m","D:\Github\deConfUSIon\lib\atlas\fusiCoronalSliceGuide.m","A2AAC3CA54EC2CFC96271F963B89E28BB7E4DE38C3EBBAB888A0772DAF54C154","atlas"
"D:\Github\deConfUSIon\fusiDrawRegionBoundaries.m","D:\Github\deConfUSIon\lib\display\fusiDrawRegionBoundaries.m","1565FEA830D6FF403FA5678F6F512CFFBF0E359BC7F6475B71FB62FBAA1B7882","display"
"D:\Github\deConfUSIon\fusiDrawScaleBar.m","D:\Github\deConfUSIon\lib\display\fusiDrawScaleBar.m","C27D4AA7553D7DBD2F31B767D60A1C3B573751FF4EC278B0FC70273503929A5F","display"
"D:\Github\deConfUSIon\fusiExportSavedDialog.m","D:\Github\deConfUSIon\lib\io\fusiExportSavedDialog.m","4EB10DD2C781B5B5804226F3CC72056F7B780A5B954E3D1E08FFCFA5C4ADF033","io"
"D:\Github\deConfUSIon\fusiExportVolume.m","D:\Github\deConfUSIon\lib\volume\fusiExportVolume.m","2CE4EF15C2BDB4974D0E49AF62D464D9C6735056F889DCA03B2872198EE94DCE","volume"
"D:\Github\deConfUSIon\fusiFindAtlasUnderlay3D.m","D:\Github\deConfUSIon\lib\atlas\fusiFindAtlasUnderlay3D.m","3649AAEB3011D32AC8D3EDE4BDB96C74BFB60BD86CD253AE3F13AFFF8510643D","atlas"
"D:\Github\deConfUSIon\fusiFitCoronalAnchors.m","D:\Github\deConfUSIon\lib\atlas\fusiFitCoronalAnchors.m","6AC97167709AE1EB4E40EA9E663231D8E3F753F5F2DCC107E1E9441BCED1AE66","atlas"
"D:\Github\deConfUSIon\fusiImportSnapAdjustment.m","D:\Github\deConfUSIon\lib\atlas\fusiImportSnapAdjustment.m","9E063FA14B25158BA46ECEA3E836C89A64CC1A1BC59A05AF67C46487A8B4FE49","atlas"
"D:\Github\deConfUSIon\fusiMapAtlasSlabs.m","D:\Github\deConfUSIon\lib\volume\fusiMapAtlasSlabs.m","00528FF11F25120F5BBD50AC36AAB2ACEC3CF0629EC12E69194100AA146AE59D","volume"
"D:\Github\deConfUSIon\fusiModelAnalysisFolder.m","D:\Github\deConfUSIon\lib\io\fusiModelAnalysisFolder.m","35080A964792D0F583C71C7D597D7889B28F85271728AF6AB8EE43EDC9436F4C","io"
"D:\Github\deConfUSIon\fusiModelExportPath.m","D:\Github\deConfUSIon\lib\io\fusiModelExportPath.m","9166CCC39519E7367A7AADF47DB518B9B35584C4190E2AC46E399BDCB490A8D0","io"
"D:\Github\deConfUSIon\fusiMovieStage.m","D:\Github\deConfUSIon\lib\io\fusiMovieStage.m","B160C18E909F83435C18FC6B7D10521F961F94A0D264AA0B67D151A36816361B","io"
"D:\Github\deConfUSIon\fusiOpenSnapWorkspace.m","D:\Github\deConfUSIon\lib\atlas\fusiOpenSnapWorkspace.m","2E3AE4334D675C2739D1DCADA12A07C4ADCC869BB32FF5E9F5BF271106385358","atlas"
"D:\Github\deConfUSIon\fusiOverlayAppearance.m","D:\Github\deConfUSIon\lib\display\fusiOverlayAppearance.m","E3FE8297A0631EE45115E0C2BB810AE02F289C1F09CA09FE522ADC6A5CB48363","display"
"D:\Github\deConfUSIon\fusiPaperMoviePath.m","D:\Github\deConfUSIon\lib\io\fusiPaperMoviePath.m","5E28C135FF1B862500D75603D4A2DF7196ED005203710FD822DC2E3CEBDCEDE2","io"
"D:\Github\deConfUSIon\fusiReadAtlasUnderlay3D.m","D:\Github\deConfUSIon\lib\atlas\fusiReadAtlasUnderlay3D.m","526A619C9CE7D2325A343336B8861ACB15F81A06136922C80EF4D430A5A5205D","atlas"
"D:\Github\deConfUSIon\fusiRegionAnnotations.m","D:\Github\deConfUSIon\lib\display\fusiRegionAnnotations.m","82A20A2DE4089B22FF062CE569FE437E0BB78B3F2EA054E747C7B9B5F0D4157D","display"
"D:\Github\deConfUSIon\fusiRegionBoundaryOverlay.m","D:\Github\deConfUSIon\lib\display\fusiRegionBoundaryOverlay.m","EA1D9FFD66DF70877F6BB3C1E40EDD0D297EE224BAB9F9C689D8D2FABE0C3102","display"
"D:\Github\deConfUSIon\fusiRegionBoundarySegments.m","D:\Github\deConfUSIon\lib\display\fusiRegionBoundarySegments.m","4BA0F4BC8DACE0D25B967CCEDC4127DFAB7482928B065F91EA242FBA97D20609","display"
"D:\Github\deConfUSIon\fusiRegionColorLUT.m","D:\Github\deConfUSIon\lib\display\fusiRegionColorLUT.m","6E1CCFD13FD4BFB0D89E8AC6C0C6514602D1092275E5B850CD5397BD165D9019","display"
"D:\Github\deConfUSIon\fusiRegionLabelRGB.m","D:\Github\deConfUSIon\lib\display\fusiRegionLabelRGB.m","9C1934ED64094E5578CF6727C5FED9CD6353322DE31C638DCE9C6E3DADD09556","display"
"D:\Github\deConfUSIon\fusiRegionListDialog.m","D:\Github\deConfUSIon\lib\display\fusiRegionListDialog.m","38E877584E9D58B87B785FEBFD78B6703EF373F3D3648B24F1EBA4090D8FEF32","display"
"D:\Github\deConfUSIon\fusiRegistrationConfigureSlices.m","D:\Github\deConfUSIon\lib\atlas\fusiRegistrationConfigureSlices.m","D95F4AA7EBCB33BF3841523C5AA3F5EE3B47A091A8FBA19D96DCFA84F6F0A2C4","atlas"
"D:\Github\deConfUSIon\fusiRegistrationDisplayVolume.m","D:\Github\deConfUSIon\lib\atlas\fusiRegistrationDisplayVolume.m","560D15BD50A8D5C7024228823888932AFC72BAD7DBEB5FE92110D97A7C8730D7","atlas"
"D:\Github\deConfUSIon\fusiRegistrationFeatures.m","D:\Github\deConfUSIon\lib\atlas\fusiRegistrationFeatures.m","B5685274B9B4791F06A228FAEEBAD319A37717CE46EC2D518C23C0D6E1BACB54","atlas"
"D:\Github\deConfUSIon\fusiRegistrationOverlayAlpha.m","D:\Github\deConfUSIon\lib\atlas\fusiRegistrationOverlayAlpha.m","B15D2C72D62D129AC6F6953179EA303F627ECC21B0A1D5FDDE893BC4708AA0CC","atlas"
"D:\Github\deConfUSIon\fusiRegistrationOverlayAppearance.m","D:\Github\deConfUSIon\lib\atlas\fusiRegistrationOverlayAppearance.m","456F3800A9B2E02EB4A41369FFCE3A480640A2B001616D0456237557F88D1864","atlas"
"D:\Github\deConfUSIon\fusiRegistrationSliceSupport.m","D:\Github\deConfUSIon\lib\atlas\fusiRegistrationSliceSupport.m","7A6CBB0609AC6CDE53EF95E86281A6B02599586D7EC0CF1EA6D2F2AAF752461D","atlas"
"D:\Github\deConfUSIon\fusiResizeDisplayLayer.m","D:\Github\deConfUSIon\lib\display\fusiResizeDisplayLayer.m","16517376D5B90FCA4C04D987DA7068C1E2D8E9746C1CF90B401811A4A2EBBE82","display"
"D:\Github\deConfUSIon\fusiSaveAtlasUnderlays3D.m","D:\Github\deConfUSIon\lib\atlas\fusiSaveAtlasUnderlays3D.m","22D2A2EF732DEF42BA0D7EFF688DE3246222899B859778433A572E4A9AA3F23A","atlas"
"D:\Github\deConfUSIon\fusiSnapOverlayWorkspace.m","D:\Github\deConfUSIon\lib\atlas\fusiSnapOverlayWorkspace.m","A6D2F4A4F9975630654AF7D97CDA28D1F00C8A4199C66ECC42087AAA1B6A87CD","atlas"
"D:\Github\deConfUSIon\fusiSnapVesselContrast.m","D:\Github\deConfUSIon\lib\atlas\fusiSnapVesselContrast.m","AFF6886F3BF25781D2F34E04006E6F87D0C8D508657105BEA1AF3A3640DDBAFA","atlas"
"D:\Github\deConfUSIon\fusiStandardDopplerDisplay.m","D:\Github\deConfUSIon\lib\display\fusiStandardDopplerDisplay.m","8827B7E315AA7C6B03EAB232BE79A4AE795629E8392990C3AA8059643FBB8EAC","display"
"D:\Github\deConfUSIon\fusiUnderlayPickerOptions.m","D:\Github\deConfUSIon\lib\atlas\fusiUnderlayPickerOptions.m","4A3D60BAB5F196549C3F95B7E65B5E7A375EC502BD5EA5ADA1F73649544122A2","atlas"
"D:\Github\deConfUSIon\fusiUniqueOutputFolder.m","D:\Github\deConfUSIon\lib\io\fusiUniqueOutputFolder.m","36D0F5C5095C3DE8C70B2046C9A5E53FA8F6A8A0A5E8E8D4D54B900965BEC3DC","io"
"D:\Github\deConfUSIon\fusiVolumeAtlasContext.m","D:\Github\deConfUSIon\lib\volume\fusiVolumeAtlasContext.m","932D7B3FA79556477BD3E1910DE100BB355AE34CE40044D419E6B2B42A086522","volume"
"D:\Github\deConfUSIon\fusiVolumeAutoAppearance.m","D:\Github\deConfUSIon\lib\volume\fusiVolumeAutoAppearance.m","4F24ABA8C423326C399C3BE0F91D07E463DE7E4865BA90F094373B7D8411CE3B","volume"
"D:\Github\deConfUSIon\fusiVolumeBaseline.m","D:\Github\deConfUSIon\lib\volume\fusiVolumeBaseline.m","53AAA0E15712B5D584C7BBB217AAC7D7501537C3EA99EE54C4EDD8C4AD9A760E","volume"
"D:\Github\deConfUSIon\fusiVolumeColormap.m","D:\Github\deConfUSIon\lib\volume\fusiVolumeColormap.m","7D2C8D1A75FBDC8135D8119500ACD25073F13A42F0D68854B320771D0BB449CF","volume"
"D:\Github\deConfUSIon\fusiVolumeControlsLayout.m","D:\Github\deConfUSIon\lib\volume\fusiVolumeControlsLayout.m","375AA6240B64481B7DAD9534AF0C1F8AE9A0C478C558BBDAF100FF906B831FA3","volume"
"D:\Github\deConfUSIon\fusiVolumeDecorations.m","D:\Github\deConfUSIon\lib\volume\fusiVolumeDecorations.m","F515000C3F228BBF166589273541FA66727A4EABB4897DE68885A7FCC23375F3","volume"
"D:\Github\deConfUSIon\fusiVolumeDisplayOrientation.m","D:\Github\deConfUSIon\lib\volume\fusiVolumeDisplayOrientation.m","F5A2A4515B4FF5E4F6CB613905067636171731095A1A9A108F033654CBB2497C","volume"
"D:\Github\deConfUSIon\fusiVolumeEditAtlasRegistration.m","D:\Github\deConfUSIon\lib\volume\fusiVolumeEditAtlasRegistration.m","225500B45FD3BEDE7EFC28DCEE2C0419040C2CD07F6F268B5AE209B38DBED403","volume"
"D:\Github\deConfUSIon\fusiVolumeGeometry.m","D:\Github\deConfUSIon\lib\volume\fusiVolumeGeometry.m","96FF433DCDFF72E4316EF3BB19DAB3EDF3A647C9931AFBF34C9B321814BE6F61","volume"
"D:\Github\deConfUSIon\fusiVolumeMovieCanvas.m","D:\Github\deConfUSIon\lib\volume\fusiVolumeMovieCanvas.m","A4FF00F98D84B08B47CD27572E21F5517A3911055B7E0969788F14D8B8E5E475","volume"
"D:\Github\deConfUSIon\fusiVolumeMovieEdge.m","D:\Github\deConfUSIon\lib\volume\fusiVolumeMovieEdge.m","5F7C174B956BCD1FFC06851FA1E09AE5920528CED771A1E0AB7B2E03C2A617CD","volume"
"D:\Github\deConfUSIon\fusiVolumePSCColormap.m","D:\Github\deConfUSIon\lib\volume\fusiVolumePSCColormap.m","C476131D9EB4C5925F97E33DA8AD6013A36FC42B38B4F7986B06797C31983227","volume"
"D:\Github\deConfUSIon\fusiVolumeRefitStackCamera.m","D:\Github\deConfUSIon\lib\volume\fusiVolumeRefitStackCamera.m","2E63F9D005160355817279B09256944102782D8C1CEC7F680CC918970B572D22","volume"
"D:\Github\deConfUSIon\fusiVolumeRememberCamera.m","D:\Github\deConfUSIon\lib\volume\fusiVolumeRememberCamera.m","FE8BCB9743F3E5FB091CDA4E2CD1DAE35BCEB7686062EADF448DF2C92868BE9A","volume"
"D:\Github\deConfUSIon\fusiVolumeReviewAtlas.m","D:\Github\deConfUSIon\lib\volume\fusiVolumeReviewAtlas.m","75A94EB6CC9813EC68C5CAB5EAF76F92905355C2E9E4F3AE83FE7BBD0F5F4DC8","volume"
"D:\Github\deConfUSIon\fusiVolumeRGBA.m","D:\Github\deConfUSIon\lib\volume\fusiVolumeRGBA.m","1D07F99D51CCA1B6E62D35B8DD2B5073EF9C99F7B4C832C5A660F65190D30E74","volume"
"D:\Github\deConfUSIon\fusiVolumeSlabGeometry.m","D:\Github\deConfUSIon\lib\volume\fusiVolumeSlabGeometry.m","68314DB8FD28E70608778E27524D6235FF6E2606ACBDFBBCB7865D029B2C9CD5","volume"
"D:\Github\deConfUSIon\fusiVolumeSlabMean.m","D:\Github\deConfUSIon\lib\volume\fusiVolumeSlabMean.m","B6AD6623E0E8D1E2A20C594115EAAFD21F6749406FE46EB0F4FBE083BBB957DF","volume"
"D:\Github\deConfUSIon\fusiVolumeSnapshot.m","D:\Github\deConfUSIon\lib\volume\fusiVolumeSnapshot.m","BB204E5D06DBCAB8E4F3ED7BD95BFA05777ADA31FACFA8BC952EC72061AEC72E","volume"
"D:\Github\deConfUSIon\fusiVolumeStackCamera.m","D:\Github\deConfUSIon\lib\volume\fusiVolumeStackCamera.m","5019AB4738F2CF3B65DB767AAB4CB1F0A4E04CE58F65FED605D45CA2E5C2DA0B","volume"
"D:\Github\deConfUSIon\fusiVolumeStackLayout.m","D:\Github\deConfUSIon\lib\volume\fusiVolumeStackLayout.m","906E757F027BC92885977DED2A0875D60C136B683454566B8E49B9065DC708A3","volume"
"D:\Github\deConfUSIon\fusiVolumeSurfaceMesh.m","D:\Github\deConfUSIon\lib\volume\fusiVolumeSurfaceMesh.m","E3F49612D74F05505805D9885B27F2260D881A2A03C1FB2BBFF7AF622F2EFDA9","volume"
"D:\Github\deConfUSIon\fusiVolumeTextureSlices.m","D:\Github\deConfUSIon\lib\volume\fusiVolumeTextureSlices.m","2B19E0F9D04EED1B6063E07D925219E02EAD6611755F44BA14ABC4EC4CEF93C1","volume"
"D:\Github\deConfUSIon\fusiVolumeVoxelFaces.m","D:\Github\deConfUSIon\lib\volume\fusiVolumeVoxelFaces.m","DBA5DBB8F0D876BF479D542C5A8BD4DF70376E95B35FD702BBD14C8F000E22D4","volume"
"D:\Github\deConfUSIon\fusiVolumeWebMovieCanvas.m","D:\Github\deConfUSIon\lib\volume\fusiVolumeWebMovieCanvas.m","A440A178C625AC3522F00DF4E36F9761DDF1254DF7178BA1BD392DE0B28D355F","volume"
"D:\Github\deConfUSIon\fusiWarpAtlasForDisplay.m","D:\Github\deConfUSIon\lib\atlas\fusiWarpAtlasForDisplay.m","8CCA5F89C1BDF7A0C12505B68F8516276A56E68EEB820C2A53B7F5C97F960D09","atlas"
"D:\Github\deConfUSIon\gaDrawROISignificance.m","D:\Github\deConfUSIon\lib\group\gaDrawROISignificance.m","AE35D6FC5C79E1016FB272B33CEC36011E06A943A8B76D599DC1EA70A4679325","group"
"D:\Github\deConfUSIon\gaFormatPValue.m","D:\Github\deConfUSIon\lib\group\gaFormatPValue.m","C2D7C6EB707D97908E95105B808578B266C51ED623150468084D0DC27393AFEA","group"
"D:\Github\deConfUSIon\gaInferAssignment.m","D:\Github\deConfUSIon\lib\group\gaInferAssignment.m","B6F45BA93771E2B733FD7BA6212DDE636A5D806E80191EEA42ADE2C8CF911283","group"
"D:\Github\deConfUSIon\gaMaximumPlateau.m","D:\Github\deConfUSIon\lib\group\gaMaximumPlateau.m","084BF942052BAC6EB6BE765ED59DBAEE95F47C5B5F1AA7672D3F055C68955A1E","group"
"D:\Github\deConfUSIon\gaOutlierScores.m","D:\Github\deConfUSIon\lib\group\gaOutlierScores.m","1BA10A6C6D6C58AFB864210313D50881DDF8FCDEF542D1F8167B5F31D3F561B2","group"
"D:\Github\deConfUSIon\plateauIntervalFrames.m","D:\Github\deConfUSIon\lib\group\plateauIntervalFrames.m","B1D242B3855056C2DA2340DB7F71A070F87138FDB14F3FEA443B2B9EE1EFEC76","group"
"D:\Github\deConfUSIon\scmAtlasSearchMask.m","D:\Github\deConfUSIon\lib\roi\scmAtlasSearchMask.m","905C32C1EAF42A82333004F3A3E5578B5514F8AB7F5A1A98978225F67A11BD51","roi"
"D:\Github\deConfUSIon\scmAutomaticDisplay.m","D:\Github\deConfUSIon\lib\roi\scmAutomaticDisplay.m","EBF5B1CD649B274D1D3579553EBCE4D6EFDDB6358743B3B6EB078DD69353C61F","roi"
"D:\Github\deConfUSIon\scmAutoSearchDialog.m","D:\Github\deConfUSIon\lib\roi\scmAutoSearchDialog.m","3A1C61C034C1A54CAC7D48DB68BF8400DD58EB9E66F7B87E0788FF318B300AD9","roi"
"D:\Github\deConfUSIon\scmAwakeSearchWindow.m","D:\Github\deConfUSIon\lib\roi\scmAwakeSearchWindow.m","C629E234E173542F882101EE99443357B41E46D1625044067B01CF4F6F7B4D84","roi"
"D:\Github\deConfUSIon\scmCandidateOrder.m","D:\Github\deConfUSIon\lib\roi\scmCandidateOrder.m","A233890873BE875C03E330D0171142BE2695EDC89CF45FD4140ECE49906D44F7","roi"
"D:\Github\deConfUSIon\scmCandidateTableColors.m","D:\Github\deConfUSIon\lib\roi\scmCandidateTableColors.m","0E2F15D95B2F7E936481430B44BDEFF3B0A051350972D614205D2856B31EB5B4","roi"
"D:\Github\deConfUSIon\scmExportROIBundles.m","D:\Github\deConfUSIon\lib\roi\scmExportROIBundles.m","3F02C51AFCA41918FDA396AEDBCF66C9DED8B3372A44564849410ED677645486","roi"
"D:\Github\deConfUSIon\scmExportSearchParameters.m","D:\Github\deConfUSIon\lib\roi\scmExportSearchParameters.m","74787726D29A5B0C2F858AEB3C14F57659B0414EFBFAFEC3A2DABDC7A2FD1FF9","roi"
"D:\Github\deConfUSIon\scmExportSliceRange.m","D:\Github\deConfUSIon\lib\roi\scmExportSliceRange.m","254EEAF825A55E502112850EF87E4BD1420CEED60040EDDB535FF5212BB0A800","roi"
"D:\Github\deConfUSIon\scmPaintMask.m","D:\Github\deConfUSIon\lib\roi\scmPaintMask.m","503618BE3EABC19D7E11C111CE1856A86ADF34A2ADD5FF3AB59132DE1A3A3543","roi"
"D:\Github\deConfUSIon\scmProbeSpacing.m","D:\Github\deConfUSIon\lib\roi\scmProbeSpacing.m","472A093B71E8D1CCB735EE4AE6D2298CD82620F9C5165D5CE623644AE0B66AE1","roi"
"D:\Github\deConfUSIon\scmPublishPpt.m","D:\Github\deConfUSIon\lib\roi\scmPublishPpt.m","068C67F4D5D9FA13FCDA3623214E3EDE6E753EA50BA8AB29C49A75924B4B664E","roi"
"D:\Github\deConfUSIon\scmReadMaskEditorBundle.m","D:\Github\deConfUSIon\lib\roi\scmReadMaskEditorBundle.m","D016A34100C66C406443593EB7F77549A1C7DE35BFF134779CAC56221B3089D4","roi"
"D:\Github\deConfUSIon\scmROIWindowTag.m","D:\Github\deConfUSIon\lib\roi\scmROIWindowTag.m","CADF6D5EE71D7F42D87819722643911B7C32909C2C462896DB3415311A42258B","roi"
"D:\Github\deConfUSIon\scmSearchCandidates.m","D:\Github\deConfUSIon\lib\roi\scmSearchCandidates.m","DE6222A39DD2FCFBB7BC387FDBB3553FAE6EEB573AD982765DDBF109DA647534","roi"
"D:\Github\deConfUSIon\scmSearchParameterSummary.m","D:\Github\deConfUSIon\lib\roi\scmSearchParameterSummary.m","E733AAA6B5C0A78DFA26288128B620F60B3B6361D2F06431F70B6A722240F064","roi"
"D:\Github\deConfUSIon\scmSearchRegions.m","D:\Github\deConfUSIon\lib\roi\scmSearchRegions.m","A85F044C5E53AED937B53B98070BC7162C311A9FA78DC17762694C9D7E7D088A","roi"
"D:\Github\deConfUSIon\scmSearchSlices.m","D:\Github\deConfUSIon\lib\roi\scmSearchSlices.m","CA5920C22F10E631F6CE08C10FD233A5F90786F8806E22FA45BF3AEB91AD44FE","roi"
"D:\Github\deConfUSIon\scmSearchWindows.m","D:\Github\deConfUSIon\lib\roi\scmSearchWindows.m","72A6E9A9FC4A0F21B9FB860DACF6E28B0B2A534A28258DEEC8AEEBC909876D98","roi"
"D:\Github\deConfUSIon\scmSharedDisplay.m","D:\Github\deConfUSIon\lib\roi\scmSharedDisplay.m","700831A1E9BF7FDAE2639008DB0CE0638B3A8EDDC002E5DC22E7EF291D618048","roi"
"D:\Github\deConfUSIon\scmSpatialCalibration.m","D:\Github\deConfUSIon\lib\roi\scmSpatialCalibration.m","12BDCEF887E9EF5FF86124A62B705DDBE7CB732B5AD539B4FCEE213FA4E07CC1","roi"
"D:\Github\deConfUSIon\scmStaticROI.m","D:\Github\deConfUSIon\lib\roi\scmStaticROI.m","869A1FAA02D962295DC2984DAF461B83E506BD508B76970F62F005486E7A39DA","roi"
"D:\Github\deConfUSIon\scmTopCandidates.m","D:\Github\deConfUSIon\lib\roi\scmTopCandidates.m","352B2EA50388514AB7568C5ABA3BD5EE4E49F6CE52363FBDEAFF0D4AD268D49D","roi"
"D:\Github\deConfUSIon\scmWriteAtlasSelectionHeader.m","D:\Github\deConfUSIon\lib\roi\scmWriteAtlasSelectionHeader.m","7C84F833560070E6D04B91A091E477B342709D3A67724E26EEA8E1E68C137349","roi"
"D:\Github\deConfUSIon\studioRequireTimeSeriesFile.m","D:\Github\deConfUSIon\lib\io\studioRequireTimeSeriesFile.m","867BD2133699AC021BCD19A99617A44284F9B7DBDFEDCE7BEDCF0469500B76B4","io"
"D:\Github\deConfUSIon\studioSaveDataset.m","D:\Github\deConfUSIon\lib\io\studioSaveDataset.m","A2D32E5E0FC289DCE374710CD79ABFC92DE99B81C93FC3CF2DFD152625F8CBAF","io"
