Caller,Dependency,Evidence
acquisition/vfUSI_StimBox_TTL_EACH_FRAME_OR_TRIGGER_ACCESSORIES_COMMAND.m,acquisition/vfUSI_StimBox_TTL_EACH_FRAME_OR_TRIGGER_ACCESSORIES_OBJECT.m,Static function call / callback symbol
acquisition/vfUSI_StimBox_TTL_EACH_FRAME_OR_TRIGGER_ACCESSORIES_COMMAND.m,acquisition/vfusiSensoryConfig.m,Static function call / callback symbol
acquisition/vfUSI_StimBox_TTL_EACH_FRAME_OR_TRIGGER_ACCESSORIES_COMMAND.m,acquisition/vfusiSensoryRun.m,Static function call / callback symbol
acquisition/vfUSI_StimBox_TTL_EACH_FRAME_OR_TRIGGER_ACCESSORIES_COMMAND.m,acquisition/vfusiValidateSensoryScan.m,Static function call / callback symbol
acquisition/vfUSI_StimBox_TTL_EACH_FRAME_OR_TRIGGER_ACCESSORIES_PARAMETERS.m,acquisition/vfUSI_StimBox_TTL_EACH_FRAME_OR_TRIGGER_ACCESSORIES_COMMAND.m,Static function call / callback symbol
acquisition/vfUSI_StimBox_TTL_EACH_FRAME_OR_TRIGGER_ACCESSORIES_PARAMETERS.m,acquisition/vfusiSensoryConfig.m,Static function call / callback symbol
acquisition/vfUSI_StimBox_TTL_EACH_FRAME_OR_TRIGGER_ACCESSORIES_PARAMETERS.m,acquisition/vfusiSensoryGUI.m,Static function call / callback symbol
acquisition/vfusiSensoryGUI.m,acquisition/vfusiSensoryConfig.m,Static function call / callback symbol
acquisition/vfusiSensoryGUI.m,acquisition/vfusiSensoryRun.m,Static function call / callback symbol
acquisition/vfusiSensoryRun.m,acquisition/vfusiSensoryConfig.m,Static function call / callback symbol
atlas_tools/deConfUSIon_reorder_FC_by_list.m,deConfUSIon_setup.m,Static function call / callback symbol
atlas_tools/deConfUSIon_reorder_FC_by_list.m,readFileList.m,Static function call / callback symbol
atlas_tools/save_correct_colors.m,deConfUSIon_setup.m,Static function call / callback symbol
atlas_tools/save_correct_colors.m,lib/atlas/deConfUSIon_apply_rgb2acr.m,Static function call / callback symbol
AtlasRegistration.m,deConfUSIon_setup.m,Static function call / callback symbol
AtlasRegistration.m,deConfUSIon_ui.m,Static function call / callback symbol
AtlasRegistration.m,interpolate3D.m,Static function call / callback symbol
AtlasRegistration.m,lib/atlas/fusiAtlasBrainMask.m,Static function call / callback symbol
AtlasRegistration.m,lib/atlas/fusiOpenSnapWorkspace.m,Static function call / callback symbol
AtlasRegistration.m,lib/atlas/fusiRegistrationFeatures.m,Static function call / callback symbol
AtlasRegistration.m,lib/atlas/fusiRegistrationSliceSupport.m,Static function call / callback symbol
AtlasRegistration.m,lib/atlas/fusiSnapOverlayWorkspace.m,Static function call / callback symbol
AtlasRegistration.m,lib/atlas/fusiSnapVesselContrast.m,Static function call / callback symbol
AtlasRegistration.m,lib/io/fusiAnalysisOutputPath.m,Static function call / callback symbol
AutomaticSCM.m,deConfUSIon_setup.m,Static function call / callback symbol
AutomaticSCM.m,deConfUSIon_signal.m,Static function call / callback symbol
AutomaticSCM.m,lib/roi/scmROI.m,Static function call / callback symbol
AutomaticSCM.m,lib/roi/scmSearchWindows.m,Static function call / callback symbol
chooseMotionModern.m,deConfUSIon_ui.m,Static function call / callback symbol
ClutterFilter.m,deConfUSIon_setup.m,Static function call / callback symbol
ClutterFilter.m,lib/preprocessing/deConfUSIon_svd_clutter.m,Static function call / callback symbol
ClutterFilter.m,lib/preprocessing/deConfUSIon_svd_clutter_gui.m,Static function call / callback symbol
computePSC.m,deConfUSIon_setup.m,Static function call / callback symbol
computePSC.m,deConfUSIon_signal.m,Static function call / callback symbol
coreg.m,coreg_3d.m,Static function call / callback symbol
coreg.m,coreg_coronal_2d.m,Static function call / callback symbol
coreg.m,deConfUSIon_setup.m,Static function call / callback symbol
coreg_3d.m,addLog.m,Static function call / callback symbol
coreg_3d.m,AtlasRegistration.m,Static function call / callback symbol
coreg_3d.m,deConfUSIon_setup.m,Static function call / callback symbol
coreg_3d.m,lib/atlas/deConfUSIon_prepare_atlas.m,Static function call / callback symbol
coreg_3d.m,lib/io/fusiAnalysisOutputPath.m,Static function call / callback symbol
coreg_3d.m,lib/io/fusiModelAnalysisFolder.m,Static function call / callback symbol
coreg_3d.m,lib/preprocessing/deConfUSIon_collapse_time.m,Static function call / callback symbol
coreg_3d.m,lib/roi/scmSpatialCalibration.m,Static function call / callback symbol
coreg_3d.m,registration_ccf.m,Static function call / callback symbol
coreg_coronal_2d.m,deConfUSIon_setup.m,Static function call / callback symbol
coreg_coronal_2d.m,lib/atlas/deConfUSIon_prepare_atlas.m,Static function call / callback symbol
coreg_coronal_2d.m,lib/preprocessing/deConfUSIon_collapse_time.m,Static function call / callback symbol
coreg_coronal_2d.m,registration_coronal_2d.m,Static function call / callback symbol
DataIO.m,deConfUSIon_setup.m,Static function call / callback symbol
DataIO.m,deConfUSIon_ui.m,Static function call / callback symbol
DataIO.m,lib/io/deConfUSIon_finish_saves.m,Static function call / callback symbol
DataIO.m,lib/metadata/deConfUSIon_display_short_name.m,Static function call / callback symbol
deConfUSIon.m,deConfUSIon_setup.m,Static function call / callback symbol
deConfUSIon_setup.m,deConfUSIon_root.m,Static function call / callback symbol
deConfUSIon_signal.m,deConfUSIon_setup.m,Static function call / callback symbol
deConfUSIon_signal.m,deConfUSIon_ui.m,Static function call / callback symbol
deConfUSIon_ui.m,DataIO.m,Static function call / callback symbol
deConfUSIon_ui.m,deConfUSIon_setup.m,Static function call / callback symbol
deConfUSIon_utils.m,deConfUSIon_setup.m,Static function call / callback symbol
deConfUSIon_utils.m,lib/connectivity/deConfUSIon_FC_force_layout.m,Static function call / callback symbol
deConfUSIon_utils.m,lib/connectivity/deConfUSIon_FC_remember_layout.m,Static function call / callback symbol
deConfUSIon_utils.m,lib/connectivity/deConfUSIon_FC_stepmotor_read_folder.m,Static function call / callback symbol
deConfUSIon_utils.m,lib/display/deConfUSIon_fix_scm_video_dialog_fonts.m,Static function call / callback symbol
deConfUSIon_utils.m,lib/display/deConfUSIon_popup_polish_now.m,Static function call / callback symbol
deConfUSIon_utils.m,lib/io/deConfUSIon_safe_preproc_save_path.m,Static function call / callback symbol
deConfUSIon_utils.m,lib/metadata/deConfUSIon_compact_chain_name.m,Static function call / callback symbol
deConfUSIon_utils.m,lib/metadata/deConfUSIon_display_name_from_sources.m,Static function call / callback symbol
deConfUSIon_utils.m,lib/metadata/deConfUSIon_write_full_display_metadata.m,Static function call / callback symbol
deConfUSIon_utils.m,lib/roi/scmSpatialCalibration.m,Static function call / callback symbol
despike.m,deConfUSIon_setup.m,Static function call / callback symbol
despike.m,deConfUSIon_ui.m,Static function call / callback symbol
Drift.m,deConfUSIon_setup.m,Static function call / callback symbol
Drift.m,DriftCompensation.m,Static function call / callback symbol
Drift.m,lib/preprocessing/deConfUSIon_build_artifact_regressors.m,Static function call / callback symbol
Drift.m,lib/preprocessing/deConfUSIon_build_compcor_regressors.m,Static function call / callback symbol
Drift.m,lib/preprocessing/deConfUSIon_pacap_common_drift_stats.m,Static function call / callback symbol
Drift.m,lib/preprocessing/deConfUSIon_pacap_response_estimator.m,Static function call / callback symbol
Drift.m,lib/preprocessing/deConfUSIon_spatial_cca_simple.m,Static function call / callback symbol
DriftCompensation.m,deConfUSIon_setup.m,Static function call / callback symbol
DriftCompensation.m,lib/preprocessing/deConfUSIon_drift_dialog.m,Static function call / callback symbol
DriftCompensation.m,lib/preprocessing/deConfUSIon_driftcompensation_core.m,Static function call / callback symbol
DriftCompensation.m,lib/preprocessing/deConfUSIon_pacap_common_drift_stats.m,Static function call / callback symbol
DriftCompensation.m,lib/preprocessing/deConfUSIon_pacap_response_estimator.m,Static function call / callback symbol
filtering.m,deConfUSIon_setup.m,Static function call / callback symbol
filtering.m,deConfUSIon_ui.m,Static function call / callback symbol
frameRateQC.m,deConfUSIon_setup.m,Static function call / callback symbol
frameRateQC.m,deConfUSIon_ui.m,Static function call / callback symbol
FunctionalConnectivity.m,deConfUSIon_setup.m,Static function call / callback symbol
FunctionalConnectivity.m,deConfUSIon_ui.m,Static function call / callback symbol
FunctionalConnectivity.m,lib/atlas/fusiAtlasRegionInput.m,Static function call / callback symbol
FunctionalConnectivity.m,lib/atlas/fusiCachedAtlasUnderlay3D.m,Static function call / callback symbol
FunctionalConnectivity.m,lib/connectivity/deConfUSIon_FC_force_layout.m,Static function call / callback symbol
FunctionalConnectivity.m,lib/connectivity/deConfUSIon_fc_jm_order.m,Static function call / callback symbol
FunctionalConnectivity.m,lib/connectivity/deConfUSIon_FC_layout.m,Static function call / callback symbol
FunctionalConnectivity.m,lib/connectivity/deConfUSIon_FC_make_slice_roi_result.m,Static function call / callback symbol
FunctionalConnectivity.m,lib/connectivity/deConfUSIon_FC_read_region_names_file.m,Static function call / callback symbol
FunctionalConnectivity.m,lib/connectivity/deConfUSIon_FC_remember_layout.m,Static function call / callback symbol
FunctionalConnectivity.m,lib/connectivity/deConfUSIon_FC_stepmotor_read_folder.m,Static function call / callback symbol
FunctionalConnectivity.m,lib/connectivity/fusiFCCorrelationMatrix.m,Static function call / callback symbol
FunctionalConnectivity.m,lib/io/fusiAnalysisOutputPath.m,Static function call / callback symbol
FunctionalConnectivity.m,mask.m,Static function call / callback symbol
fUSI_Live_Studio.m,deConfUSIon_setup.m,Static function call / callback symbol
fUSI_Live_Studio.m,deConfUSIon_ui.m,Static function call / callback symbol
fUSI_Live_Studio.m,deConfUSIon_utils.m,Static function call / callback symbol
fUSI_Live_Studio.m,imregdemons_preprocess.m,Static function call / callback symbol
fusi_studio_callback.m,computePSC.m,Static function call / callback symbol
fusi_studio_callback.m,DataIO.m,Static function call / callback symbol
fusi_studio_callback.m,deConfUSIon_signal.m,Static function call / callback symbol
fusi_studio_callback.m,deConfUSIon_ui.m,Static function call / callback symbol
fusi_studio_callback.m,deConfUSIon_utils.m,Static function call / callback symbol
fusi_studio_callback.m,fUSI_Live_Studio.m,Static function call / callback symbol
fusi_studio_callback.m,lib/connectivity/deConfUSIon_FC_read_region_names_file.m,Static function call / callback symbol
fusi_studio_callback.m,lib/display/deConfUSIon_popup_autofit_apply.m,Static function call / callback symbol
fusi_studio_callback.m,lib/metadata/deConfUSIon_best_visible_dataset_name.m,Static function call / callback symbol
fusi_studio_callback.m,lib/metadata/deConfUSIon_display_name_from_sources.m,Static function call / callback symbol
fusi_studio_callback.m,lib/metadata/deConfUSIon_display_short_name.m,Static function call / callback symbol
fusi_studio_callback.m,lib/metadata/deConfUSIon_fix_processing_name.m,Static function call / callback symbol
fusi_studio_callback.m,lib/metadata/deConfUSIon_fix_studio_dataset_names.m,Static function call / callback symbol
fusi_studio_callback.m,loadFUSIData.m,Static function call / callback symbol
fusi_studio_callback.m,mask.m,Static function call / callback symbol
fusi_studio_callback.m,play_fusi_video_final.m,Static function call / callback symbol
fusi_studio_callback.m,SCM_gui.m,Static function call / callback symbol
fusi_studio_GUI.m,addLog.m,Static function call / callback symbol
fusi_studio_GUI.m,computePSC.m,Static function call / callback symbol
fusi_studio_GUI.m,coreg.m,Static function call / callback symbol
fusi_studio_GUI.m,DataIO.m,Static function call / callback symbol
fusi_studio_GUI.m,datasetDropdownCallback.m,Static function call / callback symbol
fusi_studio_GUI.m,deConfUSIon_signal.m,Static function call / callback symbol
fusi_studio_GUI.m,deConfUSIon_ui.m,Static function call / callback symbol
fusi_studio_GUI.m,deConfUSIon_utils.m,Static function call / callback symbol
fusi_studio_GUI.m,despike.m,Static function call / callback symbol
fusi_studio_GUI.m,DriftCompensation.m,Static function call / callback symbol
fusi_studio_GUI.m,filtering.m,Static function call / callback symbol
fusi_studio_GUI.m,frameRateQC.m,Static function call / callback symbol
fusi_studio_GUI.m,FunctionalConnectivity.m,Static function call / callback symbol
fusi_studio_GUI.m,GroupAnalysis.m,Static function call / callback symbol
fusi_studio_GUI.m,ica_denoise.m,Static function call / callback symbol
fusi_studio_GUI.m,imregdemons_preprocess.m,Static function call / callback symbol
fusi_studio_GUI.m,interpolateRejectedVolumes.m,Static function call / callback symbol
fusi_studio_GUI.m,lib/connectivity/deConfUSIon_FC_find_stepmotor_txt_names.m,Static function call / callback symbol
fusi_studio_GUI.m,lib/connectivity/deConfUSIon_FC_read_region_names_file.m,Static function call / callback symbol
fusi_studio_GUI.m,lib/connectivity/deConfUSIon_find_stepmotor_seg_fc_files.m,Static function call / callback symbol
fusi_studio_GUI.m,lib/display/deConfUSIon_fix_scm_video_dialog_fonts.m,Static function call / callback symbol
fusi_studio_GUI.m,lib/display/deConfUSIon_popup_autofit_apply.m,Static function call / callback symbol
fusi_studio_GUI.m,lib/display/deConfUSIon_popup_polish_now.m,Static function call / callback symbol
fusi_studio_GUI.m,lib/io/deConfUSIon_safe_preproc_save_path.m,Static function call / callback symbol
fusi_studio_GUI.m,lib/io/studioRequireTimeSeriesFile.m,Static function call / callback symbol
fusi_studio_GUI.m,lib/io/studioSaveDataset.m,Static function call / callback symbol
fusi_studio_GUI.m,lib/metadata/deConfUSIon_add_preproc_lazy_datasets.m,Static function call / callback symbol
fusi_studio_GUI.m,lib/metadata/deConfUSIon_compact_chain_name.m,Static function call / callback symbol
fusi_studio_GUI.m,lib/metadata/deConfUSIon_display_short_name.m,Static function call / callback symbol
fusi_studio_GUI.m,lib/preprocessing/deConfUSIon_drift_dialog.m,Static function call / callback symbol
fusi_studio_GUI.m,lib/preprocessing/deConfUSIon_svd_clutter_gui.m,Static function call / callback symbol
fusi_studio_GUI.m,loadFUSIData.m,Static function call / callback symbol
fusi_studio_GUI.m,Motion.m,Static function call / callback symbol
fusi_studio_GUI.m,motor.m,Static function call / callback symbol
fusi_studio_GUI.m,pca_denoise.m,Static function call / callback symbol
fusi_studio_GUI.m,qc_fusi.m,Static function call / callback symbol
fusi_studio_GUI.m,scrubbing.m,Static function call / callback symbol
fusi_studio_GUI.m,Segmentation.m,Static function call / callback symbol
fusi_studio_GUI.m,standardizedAnalysis.m,Static function call / callback symbol
fusi_studio_GUI.m,studio_load_options_dark_dialog.m,Static function call / callback symbol
fusi_studio_GUI.m,studio_resolve_paths.m,Static function call / callback symbol
fusi_studio_GUI.m,temporalsmoothing.m,Static function call / callback symbol
fusiAtlasVolumeGUI.m,deConfUSIon_setup.m,Static function call / callback symbol
fusiAtlasVolumeGUI.m,fusiVolumeGUI.m,Static function call / callback symbol
fusiAtlasVolumeGUI.m,lib/atlas/fusiAtlasBrainMask.m,Static function call / callback symbol
fusiVolumeGUI.m,deConfUSIon_setup.m,Static function call / callback symbol
fusiVolumeGUI.m,fusiAtlasVolumeGUI.m,Static function call / callback symbol
fusiVolumeGUI.m,lib/atlas/fusiAtlasReferenceSlabs.m,Static function call / callback symbol
fusiVolumeGUI.m,lib/atlas/fusiAtlasTransformFolder.m,Static function call / callback symbol
fusiVolumeGUI.m,lib/display/fusiOverlayAppearance.m,Static function call / callback symbol
fusiVolumeGUI.m,lib/io/fusiExportSavedDialog.m,Static function call / callback symbol
fusiVolumeGUI.m,lib/io/fusiModelAnalysisFolder.m,Static function call / callback symbol
fusiVolumeGUI.m,lib/io/fusiModelExportPath.m,Static function call / callback symbol
fusiVolumeGUI.m,lib/roi/scmSpatialCalibration.m,Static function call / callback symbol
fusiVolumeGUI.m,lib/volume/fusiExportVolume.m,Static function call / callback symbol
fusiVolumeGUI.m,lib/volume/fusiVolumeAtlasContext.m,Static function call / callback symbol
fusiVolumeGUI.m,lib/volume/fusiVolumeAutoAppearance.m,Static function call / callback symbol
fusiVolumeGUI.m,lib/volume/fusiVolumeBaseline.m,Static function call / callback symbol
fusiVolumeGUI.m,lib/volume/fusiVolumeColormap.m,Static function call / callback symbol
fusiVolumeGUI.m,lib/volume/fusiVolumeControlsLayout.m,Static function call / callback symbol
fusiVolumeGUI.m,lib/volume/fusiVolumeDecorations.m,Static function call / callback symbol
fusiVolumeGUI.m,lib/volume/fusiVolumeDisplayOrientation.m,Static function call / callback symbol
fusiVolumeGUI.m,lib/volume/fusiVolumeEditAtlasRegistration.m,Static function call / callback symbol
fusiVolumeGUI.m,lib/volume/fusiVolumeGeometry.m,Static function call / callback symbol
fusiVolumeGUI.m,lib/volume/fusiVolumePSCColormap.m,Static function call / callback symbol
fusiVolumeGUI.m,lib/volume/fusiVolumeRefitStackCamera.m,Static function call / callback symbol
fusiVolumeGUI.m,lib/volume/fusiVolumeRememberCamera.m,Static function call / callback symbol
fusiVolumeGUI.m,lib/volume/fusiVolumeReviewAtlas.m,Static function call / callback symbol
fusiVolumeGUI.m,lib/volume/fusiVolumeRGBA.m,Static function call / callback symbol
fusiVolumeGUI.m,lib/volume/fusiVolumeSlabGeometry.m,Static function call / callback symbol
fusiVolumeGUI.m,lib/volume/fusiVolumeSlabMean.m,Static function call / callback symbol
fusiVolumeGUI.m,lib/volume/fusiVolumeSnapshot.m,Static function call / callback symbol
fusiVolumeGUI.m,lib/volume/fusiVolumeStackCamera.m,Static function call / callback symbol
fusiVolumeGUI.m,lib/volume/fusiVolumeStackLayout.m,Static function call / callback symbol
fusiVolumeGUI.m,lib/volume/fusiVolumeSurfaceMesh.m,Static function call / callback symbol
fusiVolumeGUI.m,lib/volume/fusiVolumeVoxelFaces.m,Static function call / callback symbol
GroupAnalysis.m,blackbdy_iso.m,Static function call / callback symbol
GroupAnalysis.m,deConfUSIon_setup.m,Static function call / callback symbol
GroupAnalysis.m,deConfUSIon_signal.m,Static function call / callback symbol
GroupAnalysis.m,deConfUSIon_ui.m,Static function call / callback symbol
GroupAnalysis.m,deConfUSIon_utils.m,Static function call / callback symbol
GroupAnalysis.m,GroupAnalysis_Common.m,Static function call / callback symbol
GroupAnalysis.m,GroupAnalysis_FC.m,Static function call / callback symbol
GroupAnalysis.m,GroupAnalysis_Map.m,Static function call / callback symbol
GroupAnalysis.m,lib/group/gaDrawROISignificance.m,Static function call / callback symbol
GroupAnalysis.m,lib/group/gaInferAssignment.m,Static function call / callback symbol
GroupAnalysis.m,mask.m,Static function call / callback symbol
GroupAnalysis.m,winter_brain_fsl.m,Static function call / callback symbol
GroupAnalysis_Common.m,deConfUSIon_setup.m,Static function call / callback symbol
GroupAnalysis_Common.m,lib/group/gaDrawROISignificance.m,Static function call / callback symbol
GroupAnalysis_Common.m,lib/group/gaFormatPValue.m,Static function call / callback symbol
GroupAnalysis_Common.m,lib/group/gaMaximumPlateau.m,Static function call / callback symbol
GroupAnalysis_Common.m,lib/group/gaOutlierScores.m,Static function call / callback symbol
GroupAnalysis_FC.m,deConfUSIon_setup.m,Static function call / callback symbol
GroupAnalysis_Map.m,blackbdy_iso.m,Static function call / callback symbol
GroupAnalysis_Map.m,deConfUSIon_setup.m,Static function call / callback symbol
GroupAnalysis_Map.m,winter_brain_fsl.m,Static function call / callback symbol
ica_denoise.m,deConfUSIon_setup.m,Static function call / callback symbol
ica_denoise.m,deConfUSIon_signal.m,Static function call / callback symbol
ica_denoise.m,deConfUSIon_ui.m,Static function call / callback symbol
ica_denoise.m,deConfUSIon_utils.m,Static function call / callback symbol
imregdemons_preprocess.m,deConfUSIon_setup.m,Static function call / callback symbol
imregdemons_preprocess.m,deConfUSIon_ui.m,Static function call / callback symbol
interpolate3D.m,deConfUSIon_setup.m,Static function call / callback symbol
interpolateRejectedVolumes.m,deConfUSIon_setup.m,Static function call / callback symbol
interpolateRejectedVolumes.m,deConfUSIon_signal.m,Static function call / callback symbol
interpolateRejectedVolumes.m,deConfUSIon_ui.m,Static function call / callback symbol
lib/atlas/deConfUSIon_apply_rgb2acr.m,deConfUSIon_root.m,Static function call / callback symbol
lib/atlas/deConfUSIon_auto_register_3d.m,interpolate3D.m,Static function call / callback symbol
lib/atlas/deConfUSIon_auto_register_3d.m,lib/metadata/deConfUSIon_detect_modality.m,Static function call / callback symbol
lib/atlas/deConfUSIon_prepare_atlas.m,deConfUSIon_root.m,Static function call / callback symbol
lib/atlas/deConfUSIon_prepare_atlas.m,lib/atlas/deConfUSIon_apply_rgb2acr.m,Static function call / callback symbol
lib/atlas/deConfUSIon_prepare_atlas.m,lib/atlas/deConfUSIon_region_groups.m,Static function call / callback symbol
lib/atlas/deConfUSIon_prepare_atlas.m,readFileList.m,Static function call / callback symbol
lib/atlas/fusiAtlasReferenceSlabs.m,lib/atlas/fusiAtlasBrainMask.m,Static function call / callback symbol
lib/atlas/fusiAtlasRegionInput.m,lib/atlas/fusiAtlasRegionCatalog.m,Static function call / callback symbol
lib/atlas/fusiAtlasRegionInput.m,lib/atlas/fusiAtlasUnderlayView3D.m,Static function call / callback symbol
lib/atlas/fusiAtlasRegionInput.m,lib/atlas/fusiReadAtlasUnderlay3D.m,Static function call / callback symbol
lib/atlas/fusiAtlasRegroupUnderlay3D.m,deConfUSIon_root.m,Static function call / callback symbol
lib/atlas/fusiAtlasRegroupUnderlay3D.m,lib/atlas/fusiAtlasRegionGrouping.m,Static function call / callback symbol
lib/atlas/fusiAtlasRegroupUnderlay3D.m,lib/display/fusiRegionColorLUT.m,Static function call / callback symbol
lib/atlas/fusiAtlasSearchContext.m,lib/atlas/fusiAtlasRegroupUnderlay3D.m,Static function call / callback symbol
lib/atlas/fusiAtlasSearchContext.m,lib/atlas/fusiCachedAtlasUnderlay3D.m,Static function call / callback symbol
lib/atlas/fusiAtlasSearchContext.m,lib/atlas/fusiCachedAtlasUnderlayView3D.m,Static function call / callback symbol
lib/atlas/fusiAtlasTransformFolder.m,lib/io/fusiAnalysisOutputPath.m,Static function call / callback symbol
lib/atlas/fusiAtlasTransformFolder.m,lib/io/fusiModelAnalysisFolder.m,Static function call / callback symbol
lib/atlas/fusiAtlasUnderlayDisplay3D.m,lib/atlas/fusiAtlasRecordingGrid3D.m,Static function call / callback symbol
lib/atlas/fusiAtlasUnderlayDisplay3D.m,lib/display/fusiRegionColorLUT.m,Static function call / callback symbol
lib/atlas/fusiAtlasUnderlayLibrary2D.m,deConfUSIon_root.m,Static function call / callback symbol
lib/atlas/fusiAtlasUnderlayLibrary2D.m,lib/atlas/fusiAtlasRegionGrouping.m,Static function call / callback symbol
lib/atlas/fusiAtlasUnderlayView3D.m,lib/atlas/fusiAtlasRecordingGrid3D.m,Static function call / callback symbol
lib/atlas/fusiAtlasUnderlayView3D.m,lib/atlas/fusiAtlasUnderlayDisplay3D.m,Static function call / callback symbol
lib/atlas/fusiAtlasUnderlayView3D.m,lib/display/fusiRegionColorLUT.m,Static function call / callback symbol
lib/atlas/fusiCachedAtlasUnderlay3D.m,lib/atlas/fusiReadAtlasUnderlay3D.m,Static function call / callback symbol
lib/atlas/fusiCachedAtlasUnderlayView3D.m,lib/atlas/fusiAtlasUnderlayView3D.m,Static function call / callback symbol
lib/atlas/fusiChooseAtlasTransformFile.m,lib/atlas/fusiAtlasPairedTransformFile.m,Static function call / callback symbol
lib/atlas/fusiChooseAtlasTransformFile.m,lib/atlas/fusiUnderlayPickerOptions.m,Static function call / callback symbol
lib/atlas/fusiChooseUnderlayFile.m,lib/atlas/fusiUnderlayPickerOptions.m,Static function call / callback symbol
lib/atlas/fusiFindAtlasUnderlay3D.m,deConfUSIon_root.m,Static function call / callback symbol
lib/atlas/fusiFindAtlasUnderlay3D.m,lib/atlas/fusiAtlasRecordingGrid3D.m,Static function call / callback symbol
lib/atlas/fusiFindAtlasUnderlay3D.m,lib/atlas/fusiAtlasTransformFolder.m,Static function call / callback symbol
lib/atlas/fusiFindAtlasUnderlay3D.m,lib/atlas/fusiCachedAtlasUnderlay3D.m,Static function call / callback symbol
lib/atlas/fusiFindAtlasUnderlay3D.m,lib/atlas/fusiReadAtlasUnderlay3D.m,Static function call / callback symbol
lib/atlas/fusiFindAtlasUnderlay3D.m,lib/atlas/fusiUnderlayPickerOptions.m,Static function call / callback symbol
lib/atlas/fusiRegistrationDisplayVolume.m,lib/display/fusiStandardDopplerDisplay.m,Static function call / callback symbol
lib/atlas/fusiSaveAtlasUnderlays3D.m,lib/atlas/deConfUSIon_apply_rgb2acr.m,Static function call / callback symbol
lib/atlas/fusiSaveAtlasUnderlays3D.m,lib/atlas/fusiAtlasRegionCatalog.m,Static function call / callback symbol
lib/atlas/fusiSaveAtlasUnderlays3D.m,lib/atlas/fusiAtlasRegionGrouping.m,Static function call / callback symbol
lib/atlas/fusiSaveAtlasUnderlays3D.m,lib/display/fusiRegionColorLUT.m,Static function call / callback symbol
lib/atlas/fusiSaveAtlasUnderlays3D.m,lib/io/fusiAnalysisOutputPath.m,Static function call / callback symbol
lib/atlas/fusiSaveAtlasUnderlays3D.m,lib/io/fusiUniqueOutputFolder.m,Static function call / callback symbol
lib/atlas/fusiSnapOverlayWorkspace.m,lib/atlas/fusiSnapVesselContrast.m,Static function call / callback symbol
lib/atlas/fusiUnderlayPickerOptions.m,lib/atlas/fusiAtlasTransformFolder.m,Static function call / callback symbol
lib/atlas/fusiUnderlayPickerOptions.m,lib/io/fusiAnalysisOutputPath.m,Static function call / callback symbol
lib/atlas/fusiUnderlayPickerOptions.m,lib/io/fusiModelAnalysisFolder.m,Static function call / callback symbol
lib/atlas/fusiWarpAtlasForDisplay.m,AtlasRegistration.m,Static function call / callback symbol
lib/connectivity/deConfUSIon_FC_force_layout.m,deConfUSIon_ui.m,Static function call / callback symbol
lib/connectivity/deConfUSIon_FC_force_layout.m,lib/connectivity/deConfUSIon_FC_layout.m,Static function call / callback symbol
lib/connectivity/deConfUSIon_fc_jm_order.m,deConfUSIon_root.m,Static function call / callback symbol
lib/connectivity/deConfUSIon_FC_make_slice_roi_result.m,lib/connectivity/fusiFCCorrelationMatrix.m,Static function call / callback symbol
lib/connectivity/deConfUSIon_FC_stepmotor_read_folder.m,lib/connectivity/deConfUSIon_FC_read_region_names_file.m,Static function call / callback symbol
lib/display/deConfUSIon_popup_autofit_apply.m,deConfUSIon_ui.m,Static function call / callback symbol
lib/display/deConfUSIon_popup_autofit_timer.m,deConfUSIon_ui.m,Static function call / callback symbol
lib/display/deConfUSIon_popup_polish_now.m,deConfUSIon_ui.m,Static function call / callback symbol
lib/display/fusiAutoMaskVolume3D.m,mask.m,Static function call / callback symbol
lib/display/fusiDrawRegionBoundaries.m,lib/display/fusiRegionBoundarySegments.m,Static function call / callback symbol
lib/display/fusiRegionAnnotations.m,lib/atlas/fusiAtlasRegionCatalog.m,Static function call / callback symbol
lib/display/fusiRegionBoundaryOverlay.m,lib/display/fusiRegionBoundarySegments.m,Static function call / callback symbol
lib/display/fusiRegionColorLUT.m,lib/atlas/deConfUSIon_apply_rgb2acr.m,Static function call / callback symbol
lib/display/fusiRegionLabelRGB.m,lib/display/fusiRegionColorLUT.m,Static function call / callback symbol
lib/display/fusiRegionListDialog.m,lib/atlas/fusiAtlasRegionCatalog.m,Static function call / callback symbol
lib/group/gaDrawROISignificance.m,lib/group/gaFormatPValue.m,Static function call / callback symbol
lib/group/gaMaximumPlateau.m,lib/group/plateauIntervalFrames.m,Static function call / callback symbol
lib/io/deConfUSIon_finish_saves.m,DataIO.m,Static function call / callback symbol
lib/io/fusiModelExportPath.m,lib/io/fusiModelAnalysisFolder.m,Static function call / callback symbol
lib/io/fusiMovieStage.m,deConfUSIon_root.m,Static function call / callback symbol
lib/io/fusiUniqueOutputFolder.m,lib/io/fusiAnalysisOutputPath.m,Static function call / callback symbol
lib/io/studioSaveDataset.m,DataIO.m,Static function call / callback symbol
lib/metadata/deConfUSIon_add_preproc_lazy_datasets.m,lib/metadata/deConfUSIon_display_short_name.m,Static function call / callback symbol
lib/metadata/deConfUSIon_add_preproc_lazy_datasets.m,lib/metadata/deConfUSIon_read_processing_metadata.m,Static function call / callback symbol
lib/metadata/deConfUSIon_best_visible_dataset_name.m,deConfUSIon_utils.m,Static function call / callback symbol
lib/metadata/deConfUSIon_best_visible_dataset_name.m,lib/metadata/deConfUSIon_display_from_file_context.m,Static function call / callback symbol
lib/metadata/deConfUSIon_best_visible_dataset_name.m,lib/metadata/deConfUSIon_display_name_from_sources.m,Static function call / callback symbol
lib/metadata/deConfUSIon_commit_full_display_name.m,lib/metadata/deConfUSIon_best_visible_dataset_name.m,Static function call / callback symbol
lib/metadata/deConfUSIon_commit_full_display_name.m,lib/metadata/deConfUSIon_display_short_name.m,Static function call / callback symbol
lib/metadata/deConfUSIon_display_name_from_sources.m,motor.m,Static function call / callback symbol
lib/metadata/deConfUSIon_display_short_name.m,lib/metadata/deConfUSIon_display_name_from_sources.m,Static function call / callback symbol
lib/metadata/deConfUSIon_fix_processing_name.m,deConfUSIon_utils.m,Static function call / callback symbol
lib/metadata/deConfUSIon_fix_processing_name.m,lib/metadata/deConfUSIon_compact_chain_name.m,Static function call / callback symbol
lib/metadata/deConfUSIon_fix_studio_dataset_names.m,lib/metadata/deConfUSIon_best_visible_dataset_name.m,Static function call / callback symbol
lib/metadata/deConfUSIon_fix_studio_dataset_names.m,lib/metadata/deConfUSIon_display_short_name.m,Static function call / callback symbol
lib/metadata/deConfUSIon_write_full_display_metadata.m,lib/metadata/deConfUSIon_best_visible_dataset_name.m,Static function call / callback symbol
lib/metadata/deConfUSIon_write_full_display_metadata.m,lib/metadata/deConfUSIon_display_short_name.m,Static function call / callback symbol
lib/preprocessing/deConfUSIon_build_artifact_regressors.m,lib/preprocessing/deConfUSIon_spatial_cca_simple.m,Static function call / callback symbol
lib/preprocessing/deConfUSIon_drift_dialog.m,lib/preprocessing/deConfUSIon_drift_roi_picker.m,Static function call / callback symbol
lib/preprocessing/deConfUSIon_driftcompensation_core.m,lib/preprocessing/deConfUSIon_build_artifact_regressors.m,Static function call / callback symbol
lib/preprocessing/deConfUSIon_driftcompensation_core.m,lib/preprocessing/deConfUSIon_build_compcor_regressors.m,Static function call / callback symbol
lib/preprocessing/deConfUSIon_driftcompensation_core.m,mask.m,Static function call / callback symbol
lib/preprocessing/deConfUSIon_svd_clutter_gui.m,deConfUSIon_utils.m,Static function call / callback symbol
lib/preprocessing/deConfUSIon_svd_clutter_gui.m,lib/preprocessing/deConfUSIon_svd_clutter.m,Static function call / callback symbol
lib/roi/scmAutomaticDisplay.m,lib/roi/scmSearchRegions.m,Static function call / callback symbol
lib/roi/scmAutoSearchDialog.m,lib/atlas/fusiAtlasRegionCatalog.m,Static function call / callback symbol
lib/roi/scmAutoSearchDialog.m,lib/roi/scmPaintMask.m,Static function call / callback symbol
lib/roi/scmAutoSearchDialog.m,lib/roi/scmROI.m,Static function call / callback symbol
lib/roi/scmAutoSearchDialog.m,lib/roi/scmSearchRegions.m,Static function call / callback symbol
lib/roi/scmAutoSearchDialog.m,lib/roi/scmSearchSlices.m,Static function call / callback symbol
lib/roi/scmAutoSearchDialog.m,lib/roi/scmSearchWindows.m,Static function call / callback symbol
lib/roi/scmAutoSearchDialog.m,lib/roi/scmSharedDisplay.m,Static function call / callback symbol
lib/roi/scmAutoSearchDialog.m,mask.m,Static function call / callback symbol
lib/roi/scmAwakeSearchWindow.m,lib/roi/scmSearchWindows.m,Static function call / callback symbol
lib/roi/scmExportROIBundles.m,lib/io/fusiAnalysisOutputPath.m,Static function call / callback symbol
lib/roi/scmExportROIBundles.m,lib/roi/scmExportSearchParameters.m,Static function call / callback symbol
lib/roi/scmExportROIBundles.m,lib/roi/scmROI.m,Static function call / callback symbol
lib/roi/scmExportROIBundles.m,lib/roi/scmROIWindowTag.m,Static function call / callback symbol
lib/roi/scmExportROIBundles.m,lib/roi/scmWriteAtlasSelectionHeader.m,Static function call / callback symbol
lib/roi/scmPaintMask.m,mask.m,Static function call / callback symbol
lib/roi/scmROI.m,mask.m,Static function call / callback symbol
lib/roi/scmSearchCandidates.m,AutomaticSCM.m,Static function call / callback symbol
lib/roi/scmSearchCandidates.m,lib/roi/scmSearchRegions.m,Static function call / callback symbol
lib/roi/scmSearchRegions.m,lib/roi/scmAtlasSearchMask.m,Static function call / callback symbol
lib/roi/scmSearchWindows.m,lib/group/plateauIntervalFrames.m,Static function call / callback symbol
lib/roi/scmSpatialCalibration.m,lib/roi/scmProbeSpacing.m,Static function call / callback symbol
lib/volume/fusiExportVolume.m,lib/io/fusiAnalysisOutputPath.m,Static function call / callback symbol
lib/volume/fusiExportVolume.m,lib/io/fusiMovieStage.m,Static function call / callback symbol
lib/volume/fusiExportVolume.m,lib/io/fusiPaperMoviePath.m,Static function call / callback symbol
lib/volume/fusiExportVolume.m,lib/volume/fusiVolumeMovieCanvas.m,Static function call / callback symbol
lib/volume/fusiMapAtlasSlabs.m,lib/atlas/fusiAtlasBrainMask.m,Static function call / callback symbol
lib/volume/fusiVolumeAtlasContext.m,deConfUSIon_root.m,Static function call / callback symbol
lib/volume/fusiVolumeAtlasContext.m,lib/atlas/fusiAtlasBrainMask.m,Static function call / callback symbol
lib/volume/fusiVolumeAtlasContext.m,lib/volume/fusiMapAtlasSlabs.m,Static function call / callback symbol
lib/volume/fusiVolumeColormap.m,blackbdy_iso.m,Static function call / callback symbol
lib/volume/fusiVolumeColormap.m,winter_brain_fsl.m,Static function call / callback symbol
lib/volume/fusiVolumeEditAtlasRegistration.m,AtlasRegistration.m,Static function call / callback symbol
lib/volume/fusiVolumeEditAtlasRegistration.m,deConfUSIon_root.m,Static function call / callback symbol
lib/volume/fusiVolumeEditAtlasRegistration.m,lib/atlas/fusiAtlasTransformFolder.m,Static function call / callback symbol
lib/volume/fusiVolumeEditAtlasRegistration.m,lib/roi/scmSpatialCalibration.m,Static function call / callback symbol
lib/volume/fusiVolumeEditAtlasRegistration.m,registration_ccf.m,Static function call / callback symbol
lib/volume/fusiVolumeGeometry.m,lib/roi/scmSpatialCalibration.m,Static function call / callback symbol
lib/volume/fusiVolumeMovieCanvas.m,lib/volume/fusiVolumeMovieEdge.m,Static function call / callback symbol
lib/volume/fusiVolumeMovieCanvas.m,lib/volume/fusiVolumeTextureSlices.m,Static function call / callback symbol
lib/volume/fusiVolumeReviewAtlas.m,lib/display/fusiOverlayAppearance.m,Static function call / callback symbol
lib/volume/fusiVolumeRGBA.m,lib/display/fusiOverlayAppearance.m,Static function call / callback symbol
lib/volume/fusiVolumeRGBA.m,lib/volume/fusiVolumeAutoAppearance.m,Static function call / callback symbol
lib/volume/fusiVolumeRGBA.m,lib/volume/fusiVolumePSCColormap.m,Static function call / callback symbol
lib/volume/fusiVolumeSnapshot.m,lib/display/fusiStandardDopplerDisplay.m,Static function call / callback symbol
lib/volume/fusiVolumeSnapshot.m,mask.m,Static function call / callback symbol
loadDataCallback.m,lib/io/studioRequireTimeSeriesFile.m,Static function call / callback symbol
loadDataCallback.m,loadFUSIData.m,Static function call / callback symbol
loadDataCallback.m,studio_load_options_dark_dialog.m,Static function call / callback symbol
loadFUSIData.m,deConfUSIon_setup.m,Static function call / callback symbol
loadFUSIData.m,readFMRINifti.m,Static function call / callback symbol
mapscan.m,deConfUSIon_setup.m,Static function call / callback symbol
mask.m,deConfUSIon_setup.m,Static function call / callback symbol
mask.m,deConfUSIon_ui.m,Static function call / callback symbol
mask.m,deConfUSIon_utils.m,Static function call / callback symbol
mask.m,lib/display/fusiAutoMaskVolume3D.m,Static function call / callback symbol
mask.m,lib/roi/scmSpatialCalibration.m,Static function call / callback symbol
Motion.m,chooseMotionModern.m,Static function call / callback symbol
Motion.m,deConfUSIon_setup.m,Static function call / callback symbol
Motion.m,deConfUSIon_ui.m,Static function call / callback symbol
motor.m,deConfUSIon_setup.m,Static function call / callback symbol
openNiftiSCM.m,deConfUSIon_setup.m,Static function call / callback symbol
openNiftiSCM.m,readFMRINifti.m,Static function call / callback symbol
openNiftiSCM.m,SCM_gui.m,Static function call / callback symbol
pca_denoise.m,deConfUSIon_setup.m,Static function call / callback symbol
pca_denoise.m,deConfUSIon_signal.m,Static function call / callback symbol
pca_denoise.m,deConfUSIon_ui.m,Static function call / callback symbol
pca_denoise.m,deConfUSIon_utils.m,Static function call / callback symbol
play_fusi_video_final.m,blackbdy_iso.m,Static function call / callback symbol
play_fusi_video_final.m,deConfUSIon_setup.m,Static function call / callback symbol
play_fusi_video_final.m,deConfUSIon_ui.m,Static function call / callback symbol
play_fusi_video_final.m,deConfUSIon_utils.m,Static function call / callback symbol
play_fusi_video_final.m,fusiAtlasVolumeGUI.m,Static function call / callback symbol
play_fusi_video_final.m,fusiVolumeGUI.m,Static function call / callback symbol
play_fusi_video_final.m,lib/atlas/fusiAtlasPairedTransformFile.m,Static function call / callback symbol
play_fusi_video_final.m,lib/atlas/fusiAtlasRegroupUnderlay3D.m,Static function call / callback symbol
play_fusi_video_final.m,lib/atlas/fusiAtlasSearchContext.m,Static function call / callback symbol
play_fusi_video_final.m,lib/atlas/fusiAtlasUnderlayChoices.m,Static function call / callback symbol
play_fusi_video_final.m,lib/atlas/fusiAtlasUnderlayLibrary2D.m,Static function call / callback symbol
play_fusi_video_final.m,lib/atlas/fusiCachedAtlasUnderlay3D.m,Static function call / callback symbol
play_fusi_video_final.m,lib/atlas/fusiCachedAtlasUnderlayView3D.m,Static function call / callback symbol
play_fusi_video_final.m,lib/atlas/fusiChooseAtlasTransformFile.m,Static function call / callback symbol
play_fusi_video_final.m,lib/atlas/fusiChooseUnderlayFile.m,Static function call / callback symbol
play_fusi_video_final.m,lib/atlas/fusiFindAtlasUnderlay3D.m,Static function call / callback symbol
play_fusi_video_final.m,lib/atlas/fusiReadAtlasUnderlay3D.m,Static function call / callback symbol
play_fusi_video_final.m,lib/atlas/fusiUnderlayPickerOptions.m,Static function call / callback symbol
play_fusi_video_final.m,lib/atlas/fusiWarpAtlasForDisplay.m,Static function call / callback symbol
play_fusi_video_final.m,lib/display/fusiCopyVideoMask.m,Static function call / callback symbol
play_fusi_video_final.m,lib/display/fusiRegionAnnotations.m,Static function call / callback symbol
play_fusi_video_final.m,lib/display/fusiRegionBoundaryOverlay.m,Static function call / callback symbol
play_fusi_video_final.m,lib/display/fusiRegionColorLUT.m,Static function call / callback symbol
play_fusi_video_final.m,lib/display/fusiRegionLabelRGB.m,Static function call / callback symbol
play_fusi_video_final.m,lib/display/fusiRegionListDialog.m,Static function call / callback symbol
play_fusi_video_final.m,lib/display/fusiResizeDisplayLayer.m,Static function call / callback symbol
play_fusi_video_final.m,lib/io/fusiAnalysisOutputPath.m,Static function call / callback symbol
play_fusi_video_final.m,lib/io/fusiExportSavedDialog.m,Static function call / callback symbol
play_fusi_video_final.m,lib/io/fusiModelAnalysisFolder.m,Static function call / callback symbol
play_fusi_video_final.m,lib/io/fusiMovieStage.m,Static function call / callback symbol
play_fusi_video_final.m,lib/io/fusiPaperMoviePath.m,Static function call / callback symbol
play_fusi_video_final.m,lib/roi/scmReadMaskEditorBundle.m,Static function call / callback symbol
play_fusi_video_final.m,mask.m,Static function call / callback symbol
play_fusi_video_final.m,SCM_gui.m,Static function call / callback symbol
play_fusi_video_final.m,winter_brain_fsl.m,Static function call / callback symbol
qc_fusi.m,deConfUSIon_setup.m,Static function call / callback symbol
registration_ccf.m,AtlasRegistration.m,Static function call / callback symbol
registration_ccf.m,deConfUSIon_setup.m,Static function call / callback symbol
registration_ccf.m,deConfUSIon_ui.m,Static function call / callback symbol
registration_ccf.m,lib/atlas/deConfUSIon_apply_rgb2acr.m,Static function call / callback symbol
registration_ccf.m,lib/atlas/fusiAtlasRegionGrouping.m,Static function call / callback symbol
registration_ccf.m,lib/atlas/fusiAtlasSizeMatrix.m,Static function call / callback symbol
registration_ccf.m,lib/atlas/fusiBregmaAnchors.m,Static function call / callback symbol
registration_ccf.m,lib/atlas/fusiFitCoronalAnchors.m,Static function call / callback symbol
registration_ccf.m,lib/atlas/fusiImportSnapAdjustment.m,Static function call / callback symbol
registration_ccf.m,lib/atlas/fusiOpenSnapWorkspace.m,Static function call / callback symbol
registration_ccf.m,lib/atlas/fusiRegistrationConfigureSlices.m,Static function call / callback symbol
registration_ccf.m,lib/atlas/fusiRegistrationDisplayVolume.m,Static function call / callback symbol
registration_ccf.m,lib/atlas/fusiRegistrationOverlayAlpha.m,Static function call / callback symbol
registration_ccf.m,lib/atlas/fusiRegistrationOverlayAppearance.m,Static function call / callback symbol
registration_ccf.m,lib/atlas/fusiRegistrationSliceSupport.m,Static function call / callback symbol
registration_ccf.m,lib/atlas/fusiSaveAtlasUnderlays3D.m,Static function call / callback symbol
registration_ccf.m,lib/display/fusiDrawRegionBoundaries.m,Static function call / callback symbol
registration_ccf.m,lib/io/fusiAnalysisOutputPath.m,Static function call / callback symbol
registration_ccf.m,lib/io/fusiUniqueOutputFolder.m,Static function call / callback symbol
registration_ccf.m,mapscan.m,Static function call / callback symbol
registration_ccf.m,moveimage.m,Static function call / callback symbol
registration_ccf.m,registration_coronal_2d.m,Static function call / callback symbol
registration_coronal_2d.m,AtlasRegistration.m,Static function call / callback symbol
registration_coronal_2d.m,deConfUSIon_setup.m,Static function call / callback symbol
registration_coronal_2d.m,deConfUSIon_ui.m,Static function call / callback symbol
registration_coronal_2d.m,lib/atlas/deConfUSIon_apply_rgb2acr.m,Static function call / callback symbol
registration_coronal_2d.m,lib/atlas/fusiCoronalSliceGuide.m,Static function call / callback symbol
registration_coronal_2d.m,lib/atlas/fusiFitCoronalAnchors.m,Static function call / callback symbol
registration_coronal_2d.m,lib/io/fusiAnalysisOutputPath.m,Static function call / callback symbol
registration_coronal_2d.m,lib/io/fusiUniqueOutputFolder.m,Static function call / callback symbol
run_deConfUSIon_tests.m,deConfUSIon_setup.m,Static function call / callback symbol
run_fusi_studio.m,DataIO.m,Static function call / callback symbol
run_fusi_studio.m,deConfUSIon_setup.m,Static function call / callback symbol
run_fusi_studio.m,fusi_studio_callback.m,Static function call / callback symbol
run_fusi_studio.m,fusi_studio_GUI.m,Static function call / callback symbol
run_fusi_studio.m,lib/display/deConfUSIon_popup_autofit_timer.m,Static function call / callback symbol
SCM_gui.m,AutomaticSCM.m,Static function call / callback symbol
SCM_gui.m,blackbdy_iso.m,Static function call / callback symbol
SCM_gui.m,deConfUSIon_setup.m,Static function call / callback symbol
SCM_gui.m,deConfUSIon_signal.m,Static function call / callback symbol
SCM_gui.m,deConfUSIon_ui.m,Static function call / callback symbol
SCM_gui.m,deConfUSIon_utils.m,Static function call / callback symbol
SCM_gui.m,lib/atlas/fusiAtlasPairedTransformFile.m,Static function call / callback symbol
SCM_gui.m,lib/atlas/fusiAtlasRegionCatalog.m,Static function call / callback symbol
SCM_gui.m,lib/atlas/fusiAtlasRegroupUnderlay3D.m,Static function call / callback symbol
SCM_gui.m,lib/atlas/fusiAtlasSearchContext.m,Static function call / callback symbol
SCM_gui.m,lib/atlas/fusiAtlasUnderlayChoices.m,Static function call / callback symbol
SCM_gui.m,lib/atlas/fusiAtlasUnderlayLibrary2D.m,Static function call / callback symbol
SCM_gui.m,lib/atlas/fusiCachedAtlasUnderlay3D.m,Static function call / callback symbol
SCM_gui.m,lib/atlas/fusiCachedAtlasUnderlayView3D.m,Static function call / callback symbol
SCM_gui.m,lib/atlas/fusiChooseAtlasTransformFile.m,Static function call / callback symbol
SCM_gui.m,lib/atlas/fusiChooseUnderlayFile.m,Static function call / callback symbol
SCM_gui.m,lib/atlas/fusiFindAtlasUnderlay3D.m,Static function call / callback symbol
SCM_gui.m,lib/atlas/fusiReadAtlasUnderlay3D.m,Static function call / callback symbol
SCM_gui.m,lib/atlas/fusiUnderlayPickerOptions.m,Static function call / callback symbol
SCM_gui.m,lib/atlas/fusiWarpAtlasForDisplay.m,Static function call / callback symbol
SCM_gui.m,lib/display/fusiDrawScaleBar.m,Static function call / callback symbol
SCM_gui.m,lib/display/fusiRegionAnnotations.m,Static function call / callback symbol
SCM_gui.m,lib/display/fusiRegionBoundaryOverlay.m,Static function call / callback symbol
SCM_gui.m,lib/display/fusiRegionColorLUT.m,Static function call / callback symbol
SCM_gui.m,lib/display/fusiRegionLabelRGB.m,Static function call / callback symbol
SCM_gui.m,lib/display/fusiRegionListDialog.m,Static function call / callback symbol
SCM_gui.m,lib/io/fusiAnalysisOutputPath.m,Static function call / callback symbol
SCM_gui.m,lib/roi/scmAutomaticDisplay.m,Static function call / callback symbol
SCM_gui.m,lib/roi/scmAutoSearchDialog.m,Static function call / callback symbol
SCM_gui.m,lib/roi/scmAwakeSearchWindow.m,Static function call / callback symbol
SCM_gui.m,lib/roi/scmCandidateOrder.m,Static function call / callback symbol
SCM_gui.m,lib/roi/scmCandidateTableColors.m,Static function call / callback symbol
SCM_gui.m,lib/roi/scmExportROIBundles.m,Static function call / callback symbol
SCM_gui.m,lib/roi/scmExportSearchParameters.m,Static function call / callback symbol
SCM_gui.m,lib/roi/scmExportSliceRange.m,Static function call / callback symbol
SCM_gui.m,lib/roi/scmProbeSpacing.m,Static function call / callback symbol
SCM_gui.m,lib/roi/scmPublishPpt.m,Static function call / callback symbol
SCM_gui.m,lib/roi/scmReadMaskEditorBundle.m,Static function call / callback symbol
SCM_gui.m,lib/roi/scmROI.m,Static function call / callback symbol
SCM_gui.m,lib/roi/scmROIWindowTag.m,Static function call / callback symbol
SCM_gui.m,lib/roi/scmSearchCandidates.m,Static function call / callback symbol
SCM_gui.m,lib/roi/scmSearchParameterSummary.m,Static function call / callback symbol
SCM_gui.m,lib/roi/scmSearchSlices.m,Static function call / callback symbol
SCM_gui.m,lib/roi/scmSharedDisplay.m,Static function call / callback symbol
SCM_gui.m,lib/roi/scmSpatialCalibration.m,Static function call / callback symbol
SCM_gui.m,lib/roi/scmTopCandidates.m,Static function call / callback symbol
SCM_gui.m,lib/roi/scmWriteAtlasSelectionHeader.m,Static function call / callback symbol
SCM_gui.m,mask.m,Static function call / callback symbol
SCM_gui.m,play_fusi_video_final.m,Static function call / callback symbol
SCM_gui.m,SCM_static_gui.m,Static function call / callback symbol
SCM_gui.m,showScmVideoSetupDialog.m,Static function call / callback symbol
SCM_gui.m,winter_brain_fsl.m,Static function call / callback symbol
SCM_static_gui.m,blackbdy_iso.m,Static function call / callback symbol
SCM_static_gui.m,deConfUSIon_setup.m,Static function call / callback symbol
SCM_static_gui.m,lib/roi/scmStaticROI.m,Static function call / callback symbol
SCM_static_gui.m,readFMRINifti.m,Static function call / callback symbol
SCM_static_gui.m,viewFMRINifti.m,Static function call / callback symbol
scrubbing.m,deConfUSIon_setup.m,Static function call / callback symbol
scrubbing.m,deConfUSIon_ui.m,Static function call / callback symbol
scrubbing.m,mask.m,Static function call / callback symbol
Segmentation.m,deConfUSIon_setup.m,Static function call / callback symbol
Segmentation.m,lib/atlas/deConfUSIon_prepare_atlas.m,Static function call / callback symbol
Segmentation.m,lib/atlas/deConfUSIon_region_groups.m,Static function call / callback symbol
Segmentation.m,lib/atlas/fusiAtlasRegionCatalog.m,Static function call / callback symbol
Segmentation.m,lib/atlas/fusiAtlasRegionGrouping.m,Static function call / callback symbol
Segmentation.m,lib/atlas/fusiAtlasRegionInput.m,Static function call / callback symbol
Segmentation.m,lib/atlas/fusiUnderlayPickerOptions.m,Static function call / callback symbol
Segmentation.m,lib/connectivity/deConfUSIon_find_stepmotor_seg_fc_files.m,Static function call / callback symbol
showScmVideoSetupDialog.m,deConfUSIon_setup.m,Static function call / callback symbol
showScmVideoSetupDialog.m,deConfUSIon_ui.m,Static function call / callback symbol
standardizedAnalysis.m,DataIO.m,Static function call / callback symbol
standardizedAnalysis.m,deConfUSIon_setup.m,Static function call / callback symbol
standardizedAnalysis.m,deConfUSIon_ui.m,Static function call / callback symbol
studio_load_options_dark_dialog.m,deConfUSIon_setup.m,Static function call / callback symbol
studio_load_options_dark_dialog.m,deConfUSIon_ui.m,Static function call / callback symbol
studio_resolve_paths.m,deConfUSIon_setup.m,Static function call / callback symbol
temporalsmoothing.m,deConfUSIon_setup.m,Static function call / callback symbol
tryReadSCMroiExportTxt.m,deConfUSIon_setup.m,Static function call / callback symbol
viewFMRINifti.m,deConfUSIon_setup.m,Static function call / callback symbol
viewFMRINifti.m,openNiftiSCM.m,Static function call / callback symbol
viewFMRINifti.m,readFMRINifti.m,Static function call / callback symbol
