Path,Lines,Bytes,SHA256,Dependencies,Referenced_by
acquisition/vfUSI_StimBox_TTL_EACH_FRAME_OR_TRIGGER_ACCESSORIES_COMMAND.m,6089,228225,d2c5a4a56db185b7ee1b8e168d4cd451311d707da3160d32b8f84acec934548d,acquisition/vfUSI_StimBox_TTL_EACH_FRAME_OR_TRIGGER_ACCESSORIES_OBJECT.m; acquisition/vfusiSensoryConfig.m; acquisition/vfusiSensoryRun.m; acquisition/vfusiValidateSensoryScan.m,acquisition/vfUSI_StimBox_TTL_EACH_FRAME_OR_TRIGGER_ACCESSORIES_PARAMETERS.m
acquisition/vfUSI_StimBox_TTL_EACH_FRAME_OR_TRIGGER_ACCESSORIES_OBJECT.m,875,34118,10977b749858c32ad636434d5dfea8f9dfc6fba60b9bdea31f85ab0886435ed1,,acquisition/vfUSI_StimBox_TTL_EACH_FRAME_OR_TRIGGER_ACCESSORIES_COMMAND.m
acquisition/vfUSI_StimBox_TTL_EACH_FRAME_OR_TRIGGER_ACCESSORIES_PARAMETERS.m,3975,137409,8134dbe473dcc72f10af6337f2741f8fe32fbfb89d0ee86be995c06e1b4619da,acquisition/vfUSI_StimBox_TTL_EACH_FRAME_OR_TRIGGER_ACCESSORIES_COMMAND.m; acquisition/vfusiSensoryConfig.m; acquisition/vfusiSensoryGUI.m,
acquisition/vfusiSensoryConfig.m,15,1177,25708352c164470d60ef336d80ec27361e656b348e24ea8b39949ef83d71efe5,,acquisition/vfUSI_StimBox_TTL_EACH_FRAME_OR_TRIGGER_ACCESSORIES_COMMAND.m; acquisition/vfUSI_StimBox_TTL_EACH_FRAME_OR_TRIGGER_ACCESSORIES_PARAMETERS.m; acquisition/vfusiSensoryGUI.m; acquisition/vfusiSensoryRun.m
acquisition/vfusiSensoryGUI.m,183,14831,f6e0fa3f9434fea3879d355e660458abfa2d6dacb5ed0b95bcfd9ea974f65861,acquisition/vfusiSensoryConfig.m; acquisition/vfusiSensoryRun.m,acquisition/vfUSI_StimBox_TTL_EACH_FRAME_OR_TRIGGER_ACCESSORIES_PARAMETERS.m
acquisition/vfusiSensoryRun.m,93,5576,c78691ecafa6dc5433f65d10485d165637798c93dd3de93e85f1dfc65448e26d,acquisition/vfusiSensoryConfig.m,acquisition/vfUSI_StimBox_TTL_EACH_FRAME_OR_TRIGGER_ACCESSORIES_COMMAND.m; acquisition/vfusiSensoryGUI.m
acquisition/vfusiValidateSensoryScan.m,23,1566,a73b7ba675195bc84b7f75a5d741af360d35abf0246023f26146625105435db0,,acquisition/vfUSI_StimBox_TTL_EACH_FRAME_OR_TRIGGER_ACCESSORIES_COMMAND.m
addLog.m,85,2021,9c057fa919163bc844e55b2abfb07168667770eb116d9776bcf43e9a3847e203,,coreg_3d.m; fusi_studio_GUI.m
atlas_tools/deConfUSIon_reorder_FC_by_list.m,21,834,1db4849f415ba3cfcbdaa72b8fdb04e80bf9fc3571e3e2b545926d6bdb041349,deConfUSIon_setup.m; readFileList.m,
atlas_tools/save_correct_colors.m,37,1065,7840a76fd860b71bc8c55b5a717cdf57295f0f756a5564caeb40929be7a54ae3,deConfUSIon_setup.m; lib/atlas/deConfUSIon_apply_rgb2acr.m,
AtlasRegistration.m,917,51538,b265123f7004ecf73d63bc71f5f62deb9a755d876be147dc38dc7210a1b3767d,deConfUSIon_setup.m; deConfUSIon_ui.m; interpolate3D.m; lib/atlas/fusiAtlasBrainMask.m; lib/atlas/fusiOpenSnapWorkspace.m; lib/atlas/fusiRegistrationFeatures.m; lib/atlas/fusiRegistrationSliceSupport.m; lib/atlas/fusiSnapOverlayWorkspace.m; lib/atlas/fusiSnapVesselContrast.m; lib/io/fusiAnalysisOutputPath.m,coreg_3d.m; lib/atlas/fusiWarpAtlasForDisplay.m; lib/volume/fusiVolumeEditAtlasRegistration.m; registration_ccf.m; registration_coronal_2d.m
AutomaticSCM.m,207,11815,0547fd1d6ce49f701397c3453f6c1c8d548461c726a3bc0074eb1b704bbc98b9,deConfUSIon_setup.m; deConfUSIon_signal.m; lib/roi/scmROI.m; lib/roi/scmSearchWindows.m,lib/roi/scmSearchCandidates.m; SCM_gui.m
blackbdy_iso.m,286,7519,a5626ebae80e6fb80a33c9d707baf03f211f596b8946913387f320a16c8d392d,,GroupAnalysis.m; GroupAnalysis_Map.m; lib/volume/fusiVolumeColormap.m; play_fusi_video_final.m; SCM_gui.m; SCM_static_gui.m
chooseMotionModern.m,104,7472,63cbf4e61d50c54ffd503c76f33a5e067d45aec2b458b4a5123621a809e8bb95,deConfUSIon_ui.m,Motion.m
ClutterFilter.m,12,478,f2ef0e28e08ad2723be4488847af7f72385a4256f3e4e3215e717d2e0495ea4e,deConfUSIon_setup.m; lib/preprocessing/deConfUSIon_svd_clutter.m; lib/preprocessing/deConfUSIon_svd_clutter_gui.m,
computePSC.m,296,8453,0cbd86deb3eac93792de61543f333f8d0fe98c13b08e67a25e29ab6e3680dbf5,deConfUSIon_setup.m; deConfUSIon_signal.m,fusi_studio_callback.m; fusi_studio_GUI.m
coreg.m,874,24538,f8255ba061db12f2db65ea5313348fe49b9b2c613fe88587dc73d46d5109c806,coreg_3d.m; coreg_coronal_2d.m; deConfUSIon_setup.m,fusi_studio_GUI.m
coreg_3d.m,964,30078,a5ba4a9f47838629f57fceacaf4cd556abbd337454c5b272af4f59ace065fdc6,addLog.m; AtlasRegistration.m; deConfUSIon_setup.m; lib/atlas/deConfUSIon_prepare_atlas.m; lib/io/fusiAnalysisOutputPath.m; lib/io/fusiModelAnalysisFolder.m; lib/preprocessing/deConfUSIon_collapse_time.m; lib/roi/scmSpatialCalibration.m; registration_ccf.m,coreg.m
coreg_coronal_2d.m,1463,47056,22c3c7c86d05207a7852c213361f9f246859074d6b45e473b8288933add2880c,deConfUSIon_setup.m; lib/atlas/deConfUSIon_prepare_atlas.m; lib/preprocessing/deConfUSIon_collapse_time.m; registration_coronal_2d.m,coreg.m
DataIO.m,381,20246,812c995873122b3289df0e8349a26bfb76b32cdcf0bf6f9c35f20fd9da014f53,deConfUSIon_setup.m; deConfUSIon_ui.m; lib/io/deConfUSIon_finish_saves.m; lib/metadata/deConfUSIon_display_short_name.m,deConfUSIon_ui.m; fusi_studio_callback.m; fusi_studio_GUI.m; lib/io/deConfUSIon_finish_saves.m; lib/io/studioSaveDataset.m; run_fusi_studio.m; standardizedAnalysis.m
datasetDropdownCallback.m,33,983,a9574af0b15805cef03da83ecad1b531cccffaa10d123429660ea2c60dbd0bca,,fusi_studio_GUI.m
deConfUSIon.m,22,583,88403b9628f271f48fb8f9ed43a506857fdecbccafe1ea5ed08d844676bcc5a0,deConfUSIon_setup.m,
deConfUSIon_root.m,4,154,d3cca5a6df11119cb9d91dd603078971ca6e4281f245cca0ced3addb087af12c,,deConfUSIon_setup.m; lib/atlas/deConfUSIon_apply_rgb2acr.m; lib/atlas/deConfUSIon_prepare_atlas.m; lib/atlas/fusiAtlasRegroupUnderlay3D.m; lib/atlas/fusiAtlasUnderlayLibrary2D.m; lib/atlas/fusiFindAtlasUnderlay3D.m; lib/connectivity/deConfUSIon_fc_jm_order.m; lib/io/fusiMovieStage.m; lib/volume/fusiVolumeAtlasContext.m; lib/volume/fusiVolumeEditAtlasRegistration.m
deConfUSIon_setup.m,24,1144,06cc9046d1434cee40107594771627da68cc251c82d001011d16fb1b977de06d,deConfUSIon_root.m,atlas_tools/deConfUSIon_reorder_FC_by_list.m; atlas_tools/save_correct_colors.m; AtlasRegistration.m; AutomaticSCM.m; ClutterFilter.m; computePSC.m; coreg.m; coreg_3d.m; coreg_coronal_2d.m; DataIO.m; deConfUSIon.m; deConfUSIon_signal.m; deConfUSIon_ui.m; deConfUSIon_utils.m; despike.m; Drift.m; DriftCompensation.m; filtering.m; frameRateQC.m; FunctionalConnectivity.m; fUSI_Live_Studio.m; fusiAtlasVolumeGUI.m; fusiVolumeGUI.m; GroupAnalysis.m; GroupAnalysis_Common.m; GroupAnalysis_FC.m; GroupAnalysis_Map.m; ica_denoise.m; imregdemons_preprocess.m; interpolate3D.m; interpolateRejectedVolumes.m; loadFUSIData.m; mapscan.m; mask.m; Motion.m; motor.m; openNiftiSCM.m; pca_denoise.m; play_fusi_video_final.m; qc_fusi.m; registration_ccf.m; registration_coronal_2d.m; run_deConfUSIon_tests.m; run_fusi_studio.m; SCM_gui.m; SCM_static_gui.m; scrubbing.m; Segmentation.m; showScmVideoSetupDialog.m; standardizedAnalysis.m; studio_load_options_dark_dialog.m; studio_resolve_paths.m; temporalsmoothing.m; tryReadSCMroiExportTxt.m; viewFMRINifti.m
deConfUSIon_signal.m,289,13679,395ed0b2e30d1a88da5859270f4f1d6a37c7d67acdf99b848a300ddeb2c0defb,deConfUSIon_setup.m; deConfUSIon_ui.m,AutomaticSCM.m; computePSC.m; fusi_studio_callback.m; fusi_studio_GUI.m; GroupAnalysis.m; ica_denoise.m; interpolateRejectedVolumes.m; pca_denoise.m; SCM_gui.m
deConfUSIon_ui.m,445,28490,e4b4adf504441d9fa438c9ca162aeb07cb8b6b88ab475fe942888ac78de8f232,DataIO.m; deConfUSIon_setup.m,AtlasRegistration.m; chooseMotionModern.m; DataIO.m; deConfUSIon_signal.m; despike.m; filtering.m; frameRateQC.m; FunctionalConnectivity.m; fUSI_Live_Studio.m; fusi_studio_callback.m; fusi_studio_GUI.m; GroupAnalysis.m; ica_denoise.m; imregdemons_preprocess.m; interpolateRejectedVolumes.m; lib/connectivity/deConfUSIon_FC_force_layout.m; lib/display/deConfUSIon_popup_autofit_apply.m; lib/display/deConfUSIon_popup_autofit_timer.m; lib/display/deConfUSIon_popup_polish_now.m; mask.m; Motion.m; pca_denoise.m; play_fusi_video_final.m; registration_ccf.m; registration_coronal_2d.m; SCM_gui.m; scrubbing.m; showScmVideoSetupDialog.m; standardizedAnalysis.m; studio_load_options_dark_dialog.m
deConfUSIon_utils.m,280,8952,40a50a39a7cc646e7ad60880273c087e1046ca753dfdede7c4e2a663b48cc34c,deConfUSIon_setup.m; lib/connectivity/deConfUSIon_FC_force_layout.m; lib/connectivity/deConfUSIon_FC_remember_layout.m; lib/connectivity/deConfUSIon_FC_stepmotor_read_folder.m; lib/display/deConfUSIon_fix_scm_video_dialog_fonts.m; lib/display/deConfUSIon_popup_polish_now.m; lib/io/deConfUSIon_safe_preproc_save_path.m; lib/metadata/deConfUSIon_compact_chain_name.m; lib/metadata/deConfUSIon_display_name_from_sources.m; lib/metadata/deConfUSIon_write_full_display_metadata.m; lib/roi/scmSpatialCalibration.m,fUSI_Live_Studio.m; fusi_studio_callback.m; fusi_studio_GUI.m; GroupAnalysis.m; ica_denoise.m; lib/metadata/deConfUSIon_best_visible_dataset_name.m; lib/metadata/deConfUSIon_fix_processing_name.m; lib/preprocessing/deConfUSIon_svd_clutter_gui.m; mask.m; pca_denoise.m; play_fusi_video_final.m; SCM_gui.m
despike.m,137,3226,3e720df3c23111780df6dd8a139aef47285c94a227177ddf2f4c50e0e87f78be,deConfUSIon_setup.m; deConfUSIon_ui.m,fusi_studio_GUI.m
Drift.m,22,990,b2dd9dc384df45c00719e185ab55482ca85960d66562f3456b0137a12456aa2c,deConfUSIon_setup.m; DriftCompensation.m; lib/preprocessing/deConfUSIon_build_artifact_regressors.m; lib/preprocessing/deConfUSIon_build_compcor_regressors.m; lib/preprocessing/deConfUSIon_pacap_common_drift_stats.m; lib/preprocessing/deConfUSIon_pacap_response_estimator.m; lib/preprocessing/deConfUSIon_spatial_cca_simple.m,
DriftCompensation.m,44,2086,3d2622bdbed7b0e87f79e914eefff86fe9b2b8380134539fbd8895648fc9a4d6,deConfUSIon_setup.m; lib/preprocessing/deConfUSIon_drift_dialog.m; lib/preprocessing/deConfUSIon_driftcompensation_core.m; lib/preprocessing/deConfUSIon_pacap_common_drift_stats.m; lib/preprocessing/deConfUSIon_pacap_response_estimator.m,Drift.m; fusi_studio_GUI.m
filtering.m,559,17199,77a61a66abb66635baf051e0484bd9d58412a9b97581122758c77808492d0f7d,deConfUSIon_setup.m; deConfUSIon_ui.m,fusi_studio_GUI.m
frameRateQC.m,171,6182,bc2ddbcd62125cb74a275e5b5a6a39a34c4e07502535ad074309ac6d93ff46c8,deConfUSIon_setup.m; deConfUSIon_ui.m,fusi_studio_GUI.m
FunctionalConnectivity.m,10559,451724,c65d27e7349b15b3e852dd96a710e1a7ec59ec6a5c83a72d5630e812045cac9e,deConfUSIon_setup.m; deConfUSIon_ui.m; lib/atlas/fusiAtlasRegionInput.m; lib/atlas/fusiCachedAtlasUnderlay3D.m; lib/connectivity/deConfUSIon_FC_force_layout.m; lib/connectivity/deConfUSIon_fc_jm_order.m; lib/connectivity/deConfUSIon_FC_layout.m; lib/connectivity/deConfUSIon_FC_make_slice_roi_result.m; lib/connectivity/deConfUSIon_FC_read_region_names_file.m; lib/connectivity/deConfUSIon_FC_remember_layout.m; lib/connectivity/deConfUSIon_FC_stepmotor_read_folder.m; lib/connectivity/fusiFCCorrelationMatrix.m; lib/io/fusiAnalysisOutputPath.m; mask.m,fusi_studio_GUI.m
fusi_fix_saved_format.m,309,8693,8c70cc4299703910b0032b10bd3c0399e170e75d43f4caa2604ad69dc944c808,,
fUSI_Live_Studio.m,2217,69633,086ebfc5727703a37c6616054b59efbc94efc853e3a691a258a8f4c868ce7fa1,deConfUSIon_setup.m; deConfUSIon_ui.m; deConfUSIon_utils.m; imregdemons_preprocess.m,fusi_studio_callback.m
fusi_make_clean.m,404,12558,b18933ac25677b3beaa4d5d9db5f12c3e8f465dfb290c7befaaffd1bbffa04f0,,
fusi_studio_callback.m,5505,165610,61dce5ee1279f554e32c692129b142e89501bba0c2155fe783cc2491eafb9d5c,computePSC.m; DataIO.m; deConfUSIon_signal.m; deConfUSIon_ui.m; deConfUSIon_utils.m; fUSI_Live_Studio.m; lib/connectivity/deConfUSIon_FC_read_region_names_file.m; lib/display/deConfUSIon_popup_autofit_apply.m; lib/metadata/deConfUSIon_best_visible_dataset_name.m; lib/metadata/deConfUSIon_display_name_from_sources.m; lib/metadata/deConfUSIon_display_short_name.m; lib/metadata/deConfUSIon_fix_processing_name.m; lib/metadata/deConfUSIon_fix_studio_dataset_names.m; loadFUSIData.m; mask.m; play_fusi_video_final.m; SCM_gui.m,run_fusi_studio.m
fusi_studio_GUI.m,7328,255344,f7d9d869d908264f686fec010818f95de992d5d92f343b8b4bb22151afe6dbf6,addLog.m; computePSC.m; coreg.m; DataIO.m; datasetDropdownCallback.m; deConfUSIon_signal.m; deConfUSIon_ui.m; deConfUSIon_utils.m; despike.m; DriftCompensation.m; filtering.m; frameRateQC.m; FunctionalConnectivity.m; GroupAnalysis.m; ica_denoise.m; imregdemons_preprocess.m; interpolateRejectedVolumes.m; lib/connectivity/deConfUSIon_FC_find_stepmotor_txt_names.m; lib/connectivity/deConfUSIon_FC_read_region_names_file.m; lib/connectivity/deConfUSIon_find_stepmotor_seg_fc_files.m; lib/display/deConfUSIon_fix_scm_video_dialog_fonts.m; lib/display/deConfUSIon_popup_autofit_apply.m; lib/display/deConfUSIon_popup_polish_now.m; lib/io/deConfUSIon_safe_preproc_save_path.m; lib/io/studioRequireTimeSeriesFile.m; lib/io/studioSaveDataset.m; lib/metadata/deConfUSIon_add_preproc_lazy_datasets.m; lib/metadata/deConfUSIon_compact_chain_name.m; lib/metadata/deConfUSIon_display_short_name.m; lib/preprocessing/deConfUSIon_drift_dialog.m; lib/preprocessing/deConfUSIon_svd_clutter_gui.m; loadFUSIData.m; Motion.m; motor.m; pca_denoise.m; qc_fusi.m; scrubbing.m; Segmentation.m; standardizedAnalysis.m; studio_load_options_dark_dialog.m; studio_resolve_paths.m; temporalsmoothing.m,run_fusi_studio.m
fusiAtlasVolumeGUI.m,35,2001,a753739479af9482a965acdbec671bf2654404f2bb0490223ed9a1d8563a289f,deConfUSIon_setup.m; fusiVolumeGUI.m; lib/atlas/fusiAtlasBrainMask.m,fusiVolumeGUI.m; play_fusi_video_final.m
fusiVolumeGUI.m,1308,96574,a2e48016640a9e8ea2a115911ec624717a653b6b28bbe3c28dff2645ed14a5a9,deConfUSIon_setup.m; fusiAtlasVolumeGUI.m; lib/atlas/fusiAtlasReferenceSlabs.m; lib/atlas/fusiAtlasTransformFolder.m; lib/display/fusiOverlayAppearance.m; lib/io/fusiExportSavedDialog.m; lib/io/fusiModelAnalysisFolder.m; lib/io/fusiModelExportPath.m; lib/roi/scmSpatialCalibration.m; lib/volume/fusiExportVolume.m; lib/volume/fusiVolumeAtlasContext.m; lib/volume/fusiVolumeAutoAppearance.m; lib/volume/fusiVolumeBaseline.m; lib/volume/fusiVolumeColormap.m; lib/volume/fusiVolumeControlsLayout.m; lib/volume/fusiVolumeDecorations.m; lib/volume/fusiVolumeDisplayOrientation.m; lib/volume/fusiVolumeEditAtlasRegistration.m; lib/volume/fusiVolumeGeometry.m; lib/volume/fusiVolumePSCColormap.m; lib/volume/fusiVolumeRefitStackCamera.m; lib/volume/fusiVolumeRememberCamera.m; lib/volume/fusiVolumeReviewAtlas.m; lib/volume/fusiVolumeRGBA.m; lib/volume/fusiVolumeSlabGeometry.m; lib/volume/fusiVolumeSlabMean.m; lib/volume/fusiVolumeSnapshot.m; lib/volume/fusiVolumeStackCamera.m; lib/volume/fusiVolumeStackLayout.m; lib/volume/fusiVolumeSurfaceMesh.m; lib/volume/fusiVolumeVoxelFaces.m,fusiAtlasVolumeGUI.m; play_fusi_video_final.m
GroupAnalysis.m,11630,416583,230eb2796247a9f7fd32c115f8d474347a9fd450caecdd721e2ce5a1618f4e7c,blackbdy_iso.m; deConfUSIon_setup.m; deConfUSIon_signal.m; deConfUSIon_ui.m; deConfUSIon_utils.m; GroupAnalysis_Common.m; GroupAnalysis_FC.m; GroupAnalysis_Map.m; lib/group/gaDrawROISignificance.m; lib/group/gaInferAssignment.m; mask.m; winter_brain_fsl.m,fusi_studio_GUI.m
GroupAnalysis_Common.m,3542,96505,568aa8e28d95e685c8a41db12f7b3003a8f63c8f4d3334c07fd1d32abc3f5b1e,deConfUSIon_setup.m; lib/group/gaDrawROISignificance.m; lib/group/gaFormatPValue.m; lib/group/gaMaximumPlateau.m; lib/group/gaOutlierScores.m,GroupAnalysis.m
GroupAnalysis_FC.m,363,11469,eba1b8e22d3c0cf1f3dbb6c2fec6ee19a5bbe48a25f62c7fc0bb8d93e85096cd,deConfUSIon_setup.m,GroupAnalysis.m
GroupAnalysis_Map.m,891,26844,a395c94219749c1a9f906354c786b4e661ced6575659d18b8ab909a6cef9275b,blackbdy_iso.m; deConfUSIon_setup.m; winter_brain_fsl.m,GroupAnalysis.m
ica_denoise.m,574,28239,e2602915dfae973613b83cbccc20c8488f549482c83e85cc1fc2f90fc65c0b0c,deConfUSIon_setup.m; deConfUSIon_signal.m; deConfUSIon_ui.m; deConfUSIon_utils.m,fusi_studio_GUI.m
imregdemons_preprocess.m,536,16701,1fabd0720f0eb13c3ca63267e4561425c9f1cb9a5a4423dab55311b0b61d6a4e,deConfUSIon_setup.m; deConfUSIon_ui.m,fUSI_Live_Studio.m; fusi_studio_GUI.m
interpolate3D.m,91,2656,a23080aaa57c3bf048313cc60fd42b555a072a8b493fef7ad2f4420941d24dec,deConfUSIon_setup.m,AtlasRegistration.m; lib/atlas/deConfUSIon_auto_register_3d.m
interpolateRejectedVolumes.m,25,822,e40dd20c9399f931dc4d7d8719fa93829933ff50d773dd50b374de8d91d7b4bb,deConfUSIon_setup.m; deConfUSIon_signal.m; deConfUSIon_ui.m,fusi_studio_GUI.m
lib/atlas/deConfUSIon_apply_rgb2acr.m,79,3448,e26c97e400e3663bcad77136f2236a547d96922b26e17298389b81a3c79861b1,deConfUSIon_root.m,atlas_tools/save_correct_colors.m; lib/atlas/deConfUSIon_prepare_atlas.m; lib/atlas/fusiSaveAtlasUnderlays3D.m; lib/display/fusiRegionColorLUT.m; registration_ccf.m; registration_coronal_2d.m
lib/atlas/deConfUSIon_auto_register_3d.m,501,15265,9ae11d655c326e41588bfc1a69ef8de6c2e6b46802d4cfce994ad23adb8f7e59,interpolate3D.m; lib/metadata/deConfUSIon_detect_modality.m,
lib/atlas/deConfUSIon_prepare_atlas.m,57,2154,b4fbd9d23a5f5cc874b0f75110bb999a5411dc63048cd1f1a47b2ecf78202f89,deConfUSIon_root.m; lib/atlas/deConfUSIon_apply_rgb2acr.m; lib/atlas/deConfUSIon_region_groups.m; readFileList.m,coreg_3d.m; coreg_coronal_2d.m; Segmentation.m
lib/atlas/deConfUSIon_region_groups.m,45,2029,92b4c2c33a591e5c5018607b34c74a7fa9483927598560da40b99e458366a115,,lib/atlas/deConfUSIon_prepare_atlas.m; Segmentation.m
lib/atlas/fusiAtlasBrainMask.m,12,642,49f72445aee6d021d62ca277a123e34fb006788688525b1488816601f0dfcbf4,,AtlasRegistration.m; fusiAtlasVolumeGUI.m; lib/atlas/fusiAtlasReferenceSlabs.m; lib/volume/fusiMapAtlasSlabs.m; lib/volume/fusiVolumeAtlasContext.m
lib/atlas/fusiAtlasPairedTransformFile.m,18,777,11a0f47030e1affa74af1358b2afa22805721f4fe635393b29ba6d50ec56f7af,,lib/atlas/fusiChooseAtlasTransformFile.m; play_fusi_video_final.m; SCM_gui.m
lib/atlas/fusiAtlasRecordingGrid3D.m,35,2701,1148f41eebd095862631306ebcb04873c0533ea1500a3b1259c2100603515a67,,lib/atlas/fusiAtlasUnderlayDisplay3D.m; lib/atlas/fusiAtlasUnderlayView3D.m; lib/atlas/fusiFindAtlasUnderlay3D.m
lib/atlas/fusiAtlasReferenceSlabs.m,19,1221,bc1e301832182374c86fc5c20a6b50e63a56abd8dd9fb84e93e1edce37adc4f5,lib/atlas/fusiAtlasBrainMask.m,fusiVolumeGUI.m
lib/atlas/fusiAtlasRegionCatalog.m,21,1379,598fd75a8d697a403393024587031344a9f87020d650b6a3f0dde53619352d61,,lib/atlas/fusiAtlasRegionInput.m; lib/atlas/fusiSaveAtlasUnderlays3D.m; lib/display/fusiRegionAnnotations.m; lib/display/fusiRegionListDialog.m; lib/roi/scmAutoSearchDialog.m; SCM_gui.m; Segmentation.m
lib/atlas/fusiAtlasRegionGrouping.m,27,1327,6409449a30e9d0db191ddf19647a43aad6d462507324a9054e821ddef9c18f81,,lib/atlas/fusiAtlasRegroupUnderlay3D.m; lib/atlas/fusiAtlasUnderlayLibrary2D.m; lib/atlas/fusiSaveAtlasUnderlays3D.m; registration_ccf.m; Segmentation.m
lib/atlas/fusiAtlasRegionInput.m,40,2641,62f8e6465a7591c65c5188a7ce99f9b06b3e6d4046bcaae9536a31e4321785bc,lib/atlas/fusiAtlasRegionCatalog.m; lib/atlas/fusiAtlasUnderlayView3D.m; lib/atlas/fusiReadAtlasUnderlay3D.m,FunctionalConnectivity.m; Segmentation.m
lib/atlas/fusiAtlasRegroupUnderlay3D.m,39,1897,91f82082ee68ee4ca2b4568f1170920f0826ee7c76684d7c7f9a33fb0229ca65,deConfUSIon_root.m; lib/atlas/fusiAtlasRegionGrouping.m; lib/display/fusiRegionColorLUT.m,lib/atlas/fusiAtlasSearchContext.m; play_fusi_video_final.m; SCM_gui.m
lib/atlas/fusiAtlasSearchContext.m,32,1880,83730b1be67d21e784f72f78258a2704a1e1c2e0a8ef51fb21cb46b205ec7f2c,lib/atlas/fusiAtlasRegroupUnderlay3D.m; lib/atlas/fusiCachedAtlasUnderlay3D.m; lib/atlas/fusiCachedAtlasUnderlayView3D.m,play_fusi_video_final.m; SCM_gui.m
lib/atlas/fusiAtlasSizeMatrix.m,7,351,68531d4ee2f5cf2d300613dc306e1f14e7467b44a9549a31ae30934bfaa7d932,,registration_ccf.m
lib/atlas/fusiAtlasTransformFolder.m,45,2192,001a84e4378e26cb2f6b8e19f0aa1664a9c8b07288448d1a05fd969a4dba4607,lib/io/fusiAnalysisOutputPath.m; lib/io/fusiModelAnalysisFolder.m,fusiVolumeGUI.m; lib/atlas/fusiFindAtlasUnderlay3D.m; lib/atlas/fusiUnderlayPickerOptions.m; lib/volume/fusiVolumeEditAtlasRegistration.m
lib/atlas/fusiAtlasUnderlayChoices.m,17,766,074d538074fc9f77e8bfa3973ec6fa7aefc9a450c39c061def6884e252a04c23,,play_fusi_video_final.m; SCM_gui.m
lib/atlas/fusiAtlasUnderlayDisplay3D.m,63,3544,a1c448cbf3b9fa5a524784c377bdd93e8c2762d682b6699224a667a6eb843778,lib/atlas/fusiAtlasRecordingGrid3D.m; lib/display/fusiRegionColorLUT.m,lib/atlas/fusiAtlasUnderlayView3D.m
lib/atlas/fusiAtlasUnderlayLibrary2D.m,89,4551,ebd1c9aee1cf63ab567cc486960ceff8a5a3d7edbb29813d33440bd3c72dd86b,deConfUSIon_root.m; lib/atlas/fusiAtlasRegionGrouping.m,play_fusi_video_final.m; SCM_gui.m
lib/atlas/fusiAtlasUnderlayView3D.m,31,1746,333b20ca785ef420b010de84ad876a72fafce4a7bce0cbe69109a20a1d97385f,lib/atlas/fusiAtlasRecordingGrid3D.m; lib/atlas/fusiAtlasUnderlayDisplay3D.m; lib/display/fusiRegionColorLUT.m,lib/atlas/fusiAtlasRegionInput.m; lib/atlas/fusiCachedAtlasUnderlayView3D.m
lib/atlas/fusiBregmaAnchors.m,13,1063,6b658bd6d89f033631c3102edb846339d487f7dcaa4c1513d2283f853682e51b,,registration_ccf.m
lib/atlas/fusiCachedAtlasUnderlay3D.m,21,1134,308cf91500d70fc607188e0a0c1289fb08050caf3ee9f27bcf4f979adcbc6faa,lib/atlas/fusiReadAtlasUnderlay3D.m,FunctionalConnectivity.m; lib/atlas/fusiAtlasSearchContext.m; lib/atlas/fusiFindAtlasUnderlay3D.m; play_fusi_video_final.m; SCM_gui.m
lib/atlas/fusiCachedAtlasUnderlayView3D.m,34,1697,398d3ad46eb00d5be504606b4b256844b48eaa32bcb3fea95c17e773a3bc834e,lib/atlas/fusiAtlasUnderlayView3D.m,lib/atlas/fusiAtlasSearchContext.m; play_fusi_video_final.m; SCM_gui.m
lib/atlas/fusiChooseAtlasTransformFile.m,31,1413,fdb38bbc3f74bdbcd60ff7fc9b788d7cb6f12be88c0fb4465f2732d153eee5c6,lib/atlas/fusiAtlasPairedTransformFile.m; lib/atlas/fusiUnderlayPickerOptions.m,play_fusi_video_final.m; SCM_gui.m
lib/atlas/fusiChooseUnderlayFile.m,8,435,8083281592f76635ac20e2e74ca35f6269a1eaa25aef09427e9cae93d2a48bc3,lib/atlas/fusiUnderlayPickerOptions.m,play_fusi_video_final.m; SCM_gui.m
lib/atlas/fusiCoronalSliceGuide.m,28,1989,a2aac3ca54ec2cfc96271f963b89e28bb7e4de38c3ebbab888a0772daf54c154,,registration_coronal_2d.m
lib/atlas/fusiFindAtlasUnderlay3D.m,107,6052,b8c8b02f6dd73b7d45d6f46f2433a4f2bbdc906ac910daad8f4e54b4a25e3dc3,deConfUSIon_root.m; lib/atlas/fusiAtlasRecordingGrid3D.m; lib/atlas/fusiAtlasTransformFolder.m; lib/atlas/fusiCachedAtlasUnderlay3D.m; lib/atlas/fusiReadAtlasUnderlay3D.m; lib/atlas/fusiUnderlayPickerOptions.m,play_fusi_video_final.m; SCM_gui.m
lib/atlas/fusiFitCoronalAnchors.m,43,3446,6ac97167709ae1eb4e40ea9e663231d8e3f753f5f2dcc107e1e9441bced1ae66,,registration_ccf.m; registration_coronal_2d.m
lib/atlas/fusiImportSnapAdjustment.m,44,2890,9e063fa14b25158ba46ecea3e836c89a64cc1a1bc59a05af67c46487a8b4fe49,,registration_ccf.m
lib/atlas/fusiOpenSnapWorkspace.m,49,2711,2e3ae4334d675c2739d1dcada12a07c4adcc869bb32ff5e9f5bf271106385358,,AtlasRegistration.m; registration_ccf.m
lib/atlas/fusiReadAtlasUnderlay3D.m,19,1508,526a619c9ce7d2325a343336b8861acb15f81a06136922c80ef4d430a5a5205d,,lib/atlas/fusiAtlasRegionInput.m; lib/atlas/fusiCachedAtlasUnderlay3D.m; lib/atlas/fusiFindAtlasUnderlay3D.m; play_fusi_video_final.m; SCM_gui.m
lib/atlas/fusiRegistrationConfigureSlices.m,30,1646,d95f4aa7ebcb33bf3841523c5aa3f5ee3b47a091a8fba19d96dcfa84f6f0a2c4,,registration_ccf.m
lib/atlas/fusiRegistrationDisplayVolume.m,30,1453,560d15bd50a8d5c7024228823888932afc72bad7dbeb5fe92110d97a7c8730d7,lib/display/fusiStandardDopplerDisplay.m,registration_ccf.m
lib/atlas/fusiRegistrationFeatures.m,8,415,b5685274b9b4791f06a228faeebad319a37717ce46ec2d518c23c0d6e1bacb54,,AtlasRegistration.m
lib/atlas/fusiRegistrationOverlayAlpha.m,5,259,b15d2c72d62d129ac6f6953179ea303f627ecc21b0a1d5fdde893bc4708aa0cc,,registration_ccf.m
lib/atlas/fusiRegistrationOverlayAppearance.m,14,770,456f3800a9b2e02eb4a41369ffce3a480640a2b001616d0456237557f88d1864,,registration_ccf.m
lib/atlas/fusiRegistrationSliceSupport.m,24,1411,7a6cbb0609ac6cde53ef95e86281a6b02599586d7ec0cf1ea6d2f2aaf752461d,,AtlasRegistration.m; registration_ccf.m
lib/atlas/fusiSaveAtlasUnderlays3D.m,88,5899,f03eaabe229a7b46d368d211acdf0c172827d74417554733915ec02a9515f6c2,lib/atlas/deConfUSIon_apply_rgb2acr.m; lib/atlas/fusiAtlasRegionCatalog.m; lib/atlas/fusiAtlasRegionGrouping.m; lib/display/fusiRegionColorLUT.m; lib/io/fusiAnalysisOutputPath.m; lib/io/fusiUniqueOutputFolder.m,registration_ccf.m
lib/atlas/fusiSnapOverlayWorkspace.m,53,2830,a6d2f4a4f9975630654af7d97cda28d1f00c8a4199c66ecc42087aaa1b6a87cd,lib/atlas/fusiSnapVesselContrast.m,AtlasRegistration.m
lib/atlas/fusiSnapVesselContrast.m,17,832,aff6886f3bf25781d2f34e04006e6f87d0c8d508657105bea1af3a3640ddbafa,,AtlasRegistration.m; lib/atlas/fusiSnapOverlayWorkspace.m
lib/atlas/fusiUnderlayPickerOptions.m,107,5362,4a3d60bab5f196549c3f95b7e65b5e7a375ec502bd5ea5ada1f73649544122a2,lib/atlas/fusiAtlasTransformFolder.m; lib/io/fusiAnalysisOutputPath.m; lib/io/fusiModelAnalysisFolder.m,lib/atlas/fusiChooseAtlasTransformFile.m; lib/atlas/fusiChooseUnderlayFile.m; lib/atlas/fusiFindAtlasUnderlay3D.m; play_fusi_video_final.m; SCM_gui.m; Segmentation.m
lib/atlas/fusiWarpAtlasForDisplay.m,17,828,8cca5f89c1bdf7a0c12505b68f8516276a56e68eeb820c2a53b7f5c97f960d09,AtlasRegistration.m,play_fusi_video_final.m; SCM_gui.m
lib/connectivity/deConfUSIon_FC_find_stepmotor_txt_names.m,236,6686,26cfbb3ea837fade381447fb53f920c5c7fc8ef57be0e7c07b72f0ac6368a062,,fusi_studio_GUI.m
lib/connectivity/deConfUSIon_FC_force_layout.m,312,12163,dd75f06220b00f4b0570b4ed29f8e5ddf90760075a937dbf4cd371e887c65abf,deConfUSIon_ui.m; lib/connectivity/deConfUSIon_FC_layout.m,deConfUSIon_utils.m; FunctionalConnectivity.m
lib/connectivity/deConfUSIon_fc_jm_order.m,84,2442,85558a8fabcfb0f349ef91a02d5f8d2a9193d4ad561e5e9e10f48056c2053fc6,deConfUSIon_root.m,FunctionalConnectivity.m
lib/connectivity/deConfUSIon_FC_layout.m,141,8026,db543f4bb48742fd5207b5cde257b9ee22ad0541e43b1f4185e55d1b526b2e97,,FunctionalConnectivity.m; lib/connectivity/deConfUSIon_FC_force_layout.m
lib/connectivity/deConfUSIon_FC_make_slice_roi_result.m,297,10295,473909ab7029e1fd48122d1ca93d49db7f4eba9c46513c0173e353bb2713fb00,lib/connectivity/fusiFCCorrelationMatrix.m,FunctionalConnectivity.m
lib/connectivity/deConfUSIon_FC_read_region_names_file.m,240,5889,15e1b18e679833fad8600e347e82b710aca1285b6e0836e859111fa655cce6bc,,FunctionalConnectivity.m; fusi_studio_callback.m; fusi_studio_GUI.m; lib/connectivity/deConfUSIon_FC_stepmotor_read_folder.m
lib/connectivity/deConfUSIon_FC_remember_layout.m,128,3776,4ffb36df1672e71bbcb7abac7fbf28ab783d9587b22fd74edbdc4d440f5a6c2f,,deConfUSIon_utils.m; FunctionalConnectivity.m
lib/connectivity/deConfUSIon_FC_stepmotor_read_folder.m,262,8216,e76eeba593d4eac40f65b0bde6ff0672d288c6cf4b78c760f451a7cb74d38147,lib/connectivity/deConfUSIon_FC_read_region_names_file.m,deConfUSIon_utils.m; FunctionalConnectivity.m
lib/connectivity/deConfUSIon_find_stepmotor_seg_fc_files.m,205,5730,26b9227d44e5b32ea180c1a637495f798c2d065aded0a0566e6c0b7a5391577e,,fusi_studio_GUI.m; Segmentation.m
lib/connectivity/fusiFCCorrelationMatrix.m,14,596,b51ca7b41d3a562ecffa666cba01f35cb43f6664130c012690e85163568ff365,,FunctionalConnectivity.m; lib/connectivity/deConfUSIon_FC_make_slice_roi_result.m
lib/display/deConfUSIon_fix_scm_video_dialog_fonts.m,157,7362,80bfd911d02353f95b5336f39debed788fd5aea27e0b7fe014fe0e1a1a4a848f,,deConfUSIon_utils.m; fusi_studio_GUI.m
lib/display/deConfUSIon_popup_autofit_apply.m,10,240,cbe25cf5e614bcd18a1e298ae94a134eefc1860fbaeca49ecbd2707412b8ddf7,deConfUSIon_ui.m,fusi_studio_callback.m; fusi_studio_GUI.m
lib/display/deConfUSIon_popup_autofit_timer.m,95,2967,4a0dd010dbaa1a237ce5b2fb4ddf216c33d6b341a8ac2fda07b4880b1515f40f,deConfUSIon_ui.m,run_fusi_studio.m
lib/display/deConfUSIon_popup_polish_now.m,395,11773,d893b1690dde67b3fd12089692cc367ccb0c6d07b2dc8dbac9df552b7805ce9e,deConfUSIon_ui.m,deConfUSIon_utils.m; fusi_studio_GUI.m
lib/display/fusiAutoMaskVolume3D.m,100,5223,3fa3c3cd2e158ba5f3b7188a47ec5df15802397bfd1a04b03479cfbde539f804,mask.m,mask.m
lib/display/fusiCopyVideoMask.m,11,450,e4a73fc037ceaac1fac9c0587ed6e6dc6f04fd9f2f6fc1f2b39b4ca3f671ae4e,,play_fusi_video_final.m
lib/display/fusiDrawRegionBoundaries.m,5,321,1565fea830d6ff403fa5678f6f512cffbf0e359bc7f6475b71fb62fbaa1b7882,lib/display/fusiRegionBoundarySegments.m,registration_ccf.m
lib/display/fusiDrawScaleBar.m,14,1047,c27d4aa7553d7dbd2f31b767d60a1c3b573751ff4ec278b0fc70273503929a5f,,SCM_gui.m
lib/display/fusiOverlayAppearance.m,34,1429,e3fe8297a0631ee45115e0c2bb810ae02f289c1f09ca09fe522adc6a5cb48363,,fusiVolumeGUI.m; lib/volume/fusiVolumeReviewAtlas.m; lib/volume/fusiVolumeRGBA.m
lib/display/fusiRegionAnnotations.m,52,2808,82a20a2de4089b22ff062ce569fe437e0bb78b3f2ea054e747c7b9b5f0d4157d,lib/atlas/fusiAtlasRegionCatalog.m,play_fusi_video_final.m; SCM_gui.m
lib/display/fusiRegionBoundaryOverlay.m,26,1248,ea1d9ffd66df70877f6bb3c1e40edd0d297ee224bab9f9c689d8d2fabe0c3102,lib/display/fusiRegionBoundarySegments.m,play_fusi_video_final.m; SCM_gui.m
lib/display/fusiRegionBoundarySegments.m,9,439,4ba0f4bc8dace0d25b967ccedc4127dfab7482928b065f91ea242fba97d20609,,lib/display/fusiDrawRegionBoundaries.m; lib/display/fusiRegionBoundaryOverlay.m
lib/display/fusiRegionColorLUT.m,25,1098,6e1ccfd13fd4bfb0d89e8ac6c0c6514602d1092275e5b850cd5397bd165d9019,lib/atlas/deConfUSIon_apply_rgb2acr.m,lib/atlas/fusiAtlasRegroupUnderlay3D.m; lib/atlas/fusiAtlasUnderlayDisplay3D.m; lib/atlas/fusiAtlasUnderlayView3D.m; lib/atlas/fusiSaveAtlasUnderlays3D.m; lib/display/fusiRegionLabelRGB.m; play_fusi_video_final.m; SCM_gui.m
lib/display/fusiRegionLabelRGB.m,10,458,9c1934ed64094e5578cf6727c5fed9cd6353322de31c638dce9c6e3dadd09556,lib/display/fusiRegionColorLUT.m,play_fusi_video_final.m; SCM_gui.m
lib/display/fusiRegionListDialog.m,12,721,38e877584e9d58b87b785febfd78b6703ef373f3d3648b24f1eba4090d8fef32,lib/atlas/fusiAtlasRegionCatalog.m,play_fusi_video_final.m; SCM_gui.m
lib/display/fusiResizeDisplayLayer.m,23,1196,16517376d5b90fca4c04d987da7068c1e2d8e9746c1cf90b401811a4a2ebbe82,,play_fusi_video_final.m
lib/display/fusiStandardDopplerDisplay.m,21,939,8827b7e315aa7c6b03eab232be79a4ae795629e8392990c3aa8059643fbb8eac,,lib/atlas/fusiRegistrationDisplayVolume.m; lib/volume/fusiVolumeSnapshot.m
lib/group/gaDrawROISignificance.m,41,2049,ae35d6fc5c79e1016fb272b33cec36011e06a943a8b76d599dc1ea70a4679325,lib/group/gaFormatPValue.m,GroupAnalysis.m; GroupAnalysis_Common.m
lib/group/gaFormatPValue.m,14,549,c2d7c6eb707d97908e95105b808578b266c51ed623150468084d0dc27393afea,,GroupAnalysis_Common.m; lib/group/gaDrawROISignificance.m
lib/group/gaInferAssignment.m,62,2636,b6f45ba93771e2b733fd7ba6212dde636a5d806e80191eea42ade2c8cf911283,,GroupAnalysis.m
lib/group/gaMaximumPlateau.m,38,1519,084bf942052bac6eb6be765ed59dbaee95f47c5b5f1aa7672d3f055c68955a1e,lib/group/plateauIntervalFrames.m,GroupAnalysis_Common.m
lib/group/gaOutlierScores.m,45,2183,1ba10a6c6d6c58afb864210313d50881ddf8fcdef542d1f8167b5f31d3f561b2,,GroupAnalysis_Common.m
lib/group/plateauIntervalFrames.m,14,728,b1d242b3855056c2da2340db7f71a070f87138fdb14f3fea443b2b9ee1efec76,,lib/group/gaMaximumPlateau.m; lib/roi/scmSearchWindows.m
lib/io/deConfUSIon_finish_saves.m,24,990,01252c3c45976b020ed4219656da05162ef01a40939102fa6ea8bec6921f832a,DataIO.m,DataIO.m
lib/io/deConfUSIon_safe_preproc_save_path.m,112,4499,26ac65ac2449c8e43ab9d76fdfaf070e77ee9d7461274a291a493bdb4705af6f,,deConfUSIon_utils.m; fusi_studio_GUI.m
lib/io/fusiAnalysisOutputPath.m,6,302,988b88fcc8d2e0c137d796aacccd86569e08bcfdf0a37c978aece0ec8ab79ec2,,AtlasRegistration.m; coreg_3d.m; FunctionalConnectivity.m; lib/atlas/fusiAtlasTransformFolder.m; lib/atlas/fusiSaveAtlasUnderlays3D.m; lib/atlas/fusiUnderlayPickerOptions.m; lib/io/fusiUniqueOutputFolder.m; lib/roi/scmExportROIBundles.m; lib/volume/fusiExportVolume.m; play_fusi_video_final.m; registration_ccf.m; registration_coronal_2d.m; SCM_gui.m
lib/io/fusiExportSavedDialog.m,17,1192,4eb10dd2c781b5b5804226f3cc72056f7b780a5b954e3d1e08ffcfa5c4adf033,,fusiVolumeGUI.m; play_fusi_video_final.m
lib/io/fusiModelAnalysisFolder.m,42,2031,35080a964792d0f583c71c7d597d7889b28f85271728af6ab8ee43edc9436f4c,,coreg_3d.m; fusiVolumeGUI.m; lib/atlas/fusiAtlasTransformFolder.m; lib/atlas/fusiUnderlayPickerOptions.m; lib/io/fusiModelExportPath.m; play_fusi_video_final.m
lib/io/fusiModelExportPath.m,16,1012,9166ccc39519e7367a7aadf47db518b9b35584c4190e2ac46e399bdcb490a8d0,lib/io/fusiModelAnalysisFolder.m,fusiVolumeGUI.m
lib/io/fusiMovieStage.m,44,2285,3c48e0a2938b365ff9b552056813ae258ccb47ca50042ca9bba13bbdb08476af,deConfUSIon_root.m,lib/volume/fusiExportVolume.m; play_fusi_video_final.m
lib/io/fusiPaperMoviePath.m,5,245,5e28c135ff1b862500d75603d4a2df7196ed005203710fd822dc2e3cebdcede2,,lib/volume/fusiExportVolume.m; play_fusi_video_final.m
lib/io/fusiUniqueOutputFolder.m,9,467,36d0f5c5095c3de8c70b2046c9a5e53fa8f6a8a0a5e8e8d4d54b900965bec3dc,lib/io/fusiAnalysisOutputPath.m,lib/atlas/fusiSaveAtlasUnderlays3D.m; registration_ccf.m; registration_coronal_2d.m
lib/io/studioRequireTimeSeriesFile.m,14,672,867bd2133699ac021bcd19a99617a44284f9b7dbdfedce7bedcf0469500b76b4,,fusi_studio_GUI.m; loadDataCallback.m
lib/io/studioSaveDataset.m,10,521,a2d32e5e0fc289dce374710cd79abfc92de99b81c93fc3cf2dfd152625f8cbaf,DataIO.m,fusi_studio_GUI.m
lib/metadata/deConfUSIon_add_preproc_lazy_datasets.m,236,8074,d6134fd5ec77d3bc04065da6ec8319be6b8a590a0bc1a85bce1cb49f70ce59e5,lib/metadata/deConfUSIon_display_short_name.m; lib/metadata/deConfUSIon_read_processing_metadata.m,fusi_studio_GUI.m
lib/metadata/deConfUSIon_best_visible_dataset_name.m,50,1820,a60e4c617e3c91ce1f32e54d2d8e42f17d0897b4e6237f76f5c2f85d1da35230,deConfUSIon_utils.m; lib/metadata/deConfUSIon_display_from_file_context.m; lib/metadata/deConfUSIon_display_name_from_sources.m,fusi_studio_callback.m; lib/metadata/deConfUSIon_commit_full_display_name.m; lib/metadata/deConfUSIon_fix_studio_dataset_names.m; lib/metadata/deConfUSIon_write_full_display_metadata.m
lib/metadata/deConfUSIon_commit_full_display_name.m,25,1078,4c55d0a5f72ecc9efe9b251f771e3b9a4484681c319cea27737793af1a2adb4c,lib/metadata/deConfUSIon_best_visible_dataset_name.m; lib/metadata/deConfUSIon_display_short_name.m,
lib/metadata/deConfUSIon_compact_chain_name.m,39,1811,5e748bba32a850e391d8a87fa56e61ab66be295b49935a8f8c5d8f53e8843689,,deConfUSIon_utils.m; fusi_studio_GUI.m; lib/metadata/deConfUSIon_fix_processing_name.m
lib/metadata/deConfUSIon_detect_modality.m,143,4728,55567ce508d27fc78ecd5bde812b5c4c415df11b15b1b4e42b95950b197450f5,,lib/atlas/deConfUSIon_auto_register_3d.m
lib/metadata/deConfUSIon_display_from_file_context.m,50,2517,677e0a507ffe8f0222acc45a3f67fde7747bfdfa90ffe98fb385491f79cbb9d1,,lib/metadata/deConfUSIon_best_visible_dataset_name.m
lib/metadata/deConfUSIon_display_name_from_sources.m,476,16792,922fa1126459a46003df46881f59cb4bff2c9206feb5f1a3a7817323ae522a4c,motor.m,deConfUSIon_utils.m; fusi_studio_callback.m; lib/metadata/deConfUSIon_best_visible_dataset_name.m; lib/metadata/deConfUSIon_display_short_name.m
lib/metadata/deConfUSIon_display_short_name.m,90,2894,fb5900631d13dba90c282a89dc0f8e1123f3e84ef6c6e3252468a32b29a6593b,lib/metadata/deConfUSIon_display_name_from_sources.m,DataIO.m; fusi_studio_callback.m; fusi_studio_GUI.m; lib/metadata/deConfUSIon_add_preproc_lazy_datasets.m; lib/metadata/deConfUSIon_commit_full_display_name.m; lib/metadata/deConfUSIon_fix_studio_dataset_names.m; lib/metadata/deConfUSIon_write_full_display_metadata.m
lib/metadata/deConfUSIon_fix_processing_name.m,300,10148,9a9a8b6ebbddd8c0da6e0819152ae6d9dcec49f7dc55bae1cae9f3c8e4a1c1c2,deConfUSIon_utils.m; lib/metadata/deConfUSIon_compact_chain_name.m,fusi_studio_callback.m
lib/metadata/deConfUSIon_fix_studio_dataset_names.m,93,2613,06f2e30fad61983941a1f25371c37b1d961f79d13846881924674133f8c67a79,lib/metadata/deConfUSIon_best_visible_dataset_name.m; lib/metadata/deConfUSIon_display_short_name.m,fusi_studio_callback.m
lib/metadata/deConfUSIon_read_processing_metadata.m,47,1755,5f229df35bbdf7a4f3e39917fecd31db470004106b058239d38a1c2737b1e955,,lib/metadata/deConfUSIon_add_preproc_lazy_datasets.m
lib/metadata/deConfUSIon_write_full_display_metadata.m,35,1578,e747a84b2be91c6a5975ae7bce792dea6ff53a3418db0bc20f4b28ee0dd0da08,lib/metadata/deConfUSIon_best_visible_dataset_name.m; lib/metadata/deConfUSIon_display_short_name.m,deConfUSIon_utils.m
lib/preprocessing/deConfUSIon_build_artifact_regressors.m,125,4765,ff7862b31ff4c561eb430764f5ba1e22f4cee7ef112b5a88d2c7b3d79a09daed,lib/preprocessing/deConfUSIon_spatial_cca_simple.m,Drift.m; lib/preprocessing/deConfUSIon_driftcompensation_core.m
lib/preprocessing/deConfUSIon_build_compcor_regressors.m,160,5746,1a40835cd0ac75a62518a30c2d6dbfeb121f0ec9f831c734f4bba65cf9b1bc9b,,Drift.m; lib/preprocessing/deConfUSIon_driftcompensation_core.m
lib/preprocessing/deConfUSIon_collapse_time.m,92,2608,b67a91109d2df5728aec1d6f27e9179a0d761fa7ef99fe1ee8487e4613ca6ccc,,coreg_3d.m; coreg_coronal_2d.m
lib/preprocessing/deConfUSIon_drift_dialog.m,556,30038,6bb64cc2227501f4c8c261fbef91221276fec27b102546abbe617473a894e2a7,lib/preprocessing/deConfUSIon_drift_roi_picker.m,DriftCompensation.m; fusi_studio_GUI.m
lib/preprocessing/deConfUSIon_drift_roi_picker.m,786,18566,0f7caf3f6b67b2c9d56bbc2140f213af9593c9a400e3b314d4ad4eb7cdeb4d8e,,lib/preprocessing/deConfUSIon_drift_dialog.m
lib/preprocessing/deConfUSIon_driftcompensation_core.m,829,33251,6d352e147617fb5ce10f94cf0849383da2b14483416e89e98e2a33d28bef8d89,lib/preprocessing/deConfUSIon_build_artifact_regressors.m; lib/preprocessing/deConfUSIon_build_compcor_regressors.m; mask.m,DriftCompensation.m
lib/preprocessing/deConfUSIon_pacap_common_drift_stats.m,112,2922,3ca9ad9f588161e0b82741912416cd33b56fcd6e87739ca3632eb55d81b94366,,Drift.m; DriftCompensation.m
lib/preprocessing/deConfUSIon_pacap_response_estimator.m,387,12430,4e386d700309d513dc62cc6b7f1f9d3091ea48593a0a893e3941d2aa6192820f,,Drift.m; DriftCompensation.m
lib/preprocessing/deConfUSIon_spatial_cca_simple.m,71,2826,da503667389e346da9ae822e1594510ab3403783a88e28d0759474b9f52f0ebf,,Drift.m; lib/preprocessing/deConfUSIon_build_artifact_regressors.m
lib/preprocessing/deConfUSIon_svd_clutter.m,377,12357,18529d017769510426e15b0d7c98ab25ed928a054592834cc65a052694bfcb60,,ClutterFilter.m; lib/preprocessing/deConfUSIon_svd_clutter_gui.m
lib/preprocessing/deConfUSIon_svd_clutter_gui.m,692,28803,234b6adbfd6139bf457f13179b3b3652f14804cef021a091a70941c9b3bc7c8c,deConfUSIon_utils.m; lib/preprocessing/deConfUSIon_svd_clutter.m,ClutterFilter.m; fusi_studio_GUI.m
lib/roi/scmAtlasSearchMask.m,11,598,905c32c1eaf42a82333004f3a3e5578b5514f8ab7f5a1a98978225f67a11bd51,,lib/roi/scmSearchRegions.m
lib/roi/scmAutomaticDisplay.m,31,1552,ebf5b1cd649b274d1d3579553ebce4d6efddb6358743b3b6eb078dd69353c61f,lib/roi/scmSearchRegions.m,SCM_gui.m
lib/roi/scmAutoSearchDialog.m,318,20990,2f5f5f80bcb04737bb27cf7c160bec3486e9ea1721164c46b9550bc8839895c1,lib/atlas/fusiAtlasRegionCatalog.m; lib/roi/scmPaintMask.m; lib/roi/scmROI.m; lib/roi/scmSearchRegions.m; lib/roi/scmSearchSlices.m; lib/roi/scmSearchWindows.m; lib/roi/scmSharedDisplay.m; mask.m,SCM_gui.m
lib/roi/scmAwakeSearchWindow.m,12,530,c629e234e173542f882101ee99443357b41e46d1625044067b01cf4f6f7b4d84,lib/roi/scmSearchWindows.m,SCM_gui.m
lib/roi/scmCandidateOrder.m,16,706,a233890873be875c03e330d0171142be2695edc89cf45fd4140ece49906d44f7,,SCM_gui.m
lib/roi/scmCandidateTableColors.m,63,2238,0e2f15d95b2f7e936481430b44bdeff3b0a051350972d614205d2856b31eb5b4,,SCM_gui.m
lib/roi/scmExportROIBundles.m,62,3968,a68c49455b315594eba0e1845eac5d3a864bcfde996147d69c680766b321e4f0,lib/io/fusiAnalysisOutputPath.m; lib/roi/scmExportSearchParameters.m; lib/roi/scmROI.m; lib/roi/scmROIWindowTag.m; lib/roi/scmWriteAtlasSelectionHeader.m,SCM_gui.m
lib/roi/scmExportSearchParameters.m,17,1301,5be13594e4ab85a9780fb4bac7ead12512b018a41c71435a1806bcbaef79ecfc,,lib/roi/scmExportROIBundles.m; SCM_gui.m
lib/roi/scmExportSliceRange.m,27,1120,254eeaf825a55e502112850ef87e4bd1420ceed60040eddb535ff5212bb0a800,,SCM_gui.m
lib/roi/scmPaintMask.m,14,989,503618be3eabc19d7e11c111ce1856a86adf34a2add5ff3ab59132de1a3a3543,mask.m,lib/roi/scmAutoSearchDialog.m
lib/roi/scmProbeSpacing.m,16,766,472a093b71e8d1ccb735ee4ae6d2298cd82620f9c5165d5ce623644ae0b66ae1,,lib/roi/scmSpatialCalibration.m; SCM_gui.m
lib/roi/scmPublishPpt.m,39,1955,068c67f4d5d9fa13fcda3623214e3ede6e753ea50ba8ab29c49a75924b4b664e,,SCM_gui.m
lib/roi/scmReadMaskEditorBundle.m,63,2366,d016a34100c66c406443593eb7f77549a1c7de35bff134779cac56221b3089d4,,play_fusi_video_final.m; SCM_gui.m
lib/roi/scmROI.m,162,9283,e09ec8db8381e429fb1a7dfe1dee465af6b3bd373eacf382d5757cba10c9e71b,mask.m,AutomaticSCM.m; lib/roi/scmAutoSearchDialog.m; lib/roi/scmExportROIBundles.m; SCM_gui.m
lib/roi/scmROIWindowTag.m,19,783,cadf6d5ee71d7f42d87819722643911b7c32909c2c462896db3415311a42258b,,lib/roi/scmExportROIBundles.m; SCM_gui.m
lib/roi/scmSearchCandidates.m,66,4085,7712a82c30d0355dd6fdb3d338729dab6b6fddba54a27ac690eae03ca3c7b26c,AutomaticSCM.m; lib/roi/scmSearchRegions.m,SCM_gui.m
lib/roi/scmSearchParameterSummary.m,47,3442,cd500330fb38227d9193802230b641fcb0f4de46d092082cb915299851e68827,,SCM_gui.m
lib/roi/scmSearchRegions.m,46,2559,d038fd13b89ddd0a663c4db80e188ae067490641a4fa4bb93b965be64ca17832,lib/roi/scmAtlasSearchMask.m,lib/roi/scmAutomaticDisplay.m; lib/roi/scmAutoSearchDialog.m; lib/roi/scmSearchCandidates.m
lib/roi/scmSearchSlices.m,15,605,ca5920c22f10e631f6ce08c10fd233a5f90786f8806e22fa45bf3aeb91ad44fe,,lib/roi/scmAutoSearchDialog.m; SCM_gui.m
lib/roi/scmSearchWindows.m,28,1707,72a6e9a9fc4a0f21b9fb860dacf6e28b0b2a534a28258deec8aeebc909876d98,lib/group/plateauIntervalFrames.m,AutomaticSCM.m; lib/roi/scmAutoSearchDialog.m; lib/roi/scmAwakeSearchWindow.m
lib/roi/scmSharedDisplay.m,19,1361,700831a1e9bf7fdae2639008db0ce0638b3a8eddc002e5dc22e7ef291d618048,,lib/roi/scmAutoSearchDialog.m; SCM_gui.m
lib/roi/scmSpatialCalibration.m,59,3192,12bdcef887e9ef5ff86124a62b705ddbe7cb732b5ad539b4fcee213fa4e07cc1,lib/roi/scmProbeSpacing.m,coreg_3d.m; deConfUSIon_utils.m; fusiVolumeGUI.m; lib/volume/fusiVolumeEditAtlasRegistration.m; lib/volume/fusiVolumeGeometry.m; mask.m; SCM_gui.m
lib/roi/scmStaticROI.m,18,1026,869a1faa02d962295dc2984daf461b83e506bd508b76970f62f005486e7a39da,,SCM_static_gui.m
lib/roi/scmTopCandidates.m,27,1510,352b2ea50388514ab7568c5aba3bd5ee4e49f6ce52363fbdeaff0d4ad268d49d,,SCM_gui.m
lib/roi/scmWriteAtlasSelectionHeader.m,15,988,7c84f833560070e6d04b91a091e477b342709d3a67724e26eea8e1e68c137349,,lib/roi/scmExportROIBundles.m; SCM_gui.m
lib/volume/fusiExportVolume.m,213,11762,7513065594e38796651c88e5aa5818b72de27d48af348b55be87af8e5cba8123,lib/io/fusiAnalysisOutputPath.m; lib/io/fusiMovieStage.m; lib/io/fusiPaperMoviePath.m; lib/volume/fusiVolumeMovieCanvas.m,fusiVolumeGUI.m
lib/volume/fusiMapAtlasSlabs.m,55,2972,00528ff11f25120f5bbd50ac36aab2acec3cf0629ec12e69194100aa146ae59d,lib/atlas/fusiAtlasBrainMask.m,lib/volume/fusiVolumeAtlasContext.m
lib/volume/fusiVolumeAtlasContext.m,104,6317,eaab99c0b61ea1cb362206f5ffb3ad68c98c687cf177b893396d9ae20251b6a4,deConfUSIon_root.m; lib/atlas/fusiAtlasBrainMask.m; lib/volume/fusiMapAtlasSlabs.m,fusiVolumeGUI.m
lib/volume/fusiVolumeAutoAppearance.m,21,1025,4f24aba8c423326c399c3be0f91d07e463de7e4865ba90f094373b7d8411ce3b,,fusiVolumeGUI.m; lib/volume/fusiVolumeRGBA.m
lib/volume/fusiVolumeBaseline.m,17,828,53aaa0e15712b5d584c7bbb217aac7d7501537c3ea99ee54c4edd8c4ad9a760e,,fusiVolumeGUI.m
lib/volume/fusiVolumeColormap.m,19,820,7d2c8d1a75fbdc8135d8119500acd25073f13a42f0d68854b320771d0bb449cf,blackbdy_iso.m; winter_brain_fsl.m,fusiVolumeGUI.m
lib/volume/fusiVolumeControlsLayout.m,50,3804,375aa6240b64481b7dad9534af0c1f8ae9a0c478c558bbdaf100ff906b831fa3,,fusiVolumeGUI.m
lib/volume/fusiVolumeDecorations.m,126,7399,feac782c2f7951badffac092136524936d659273c48c189446ffeab7c5cc5ee9,,fusiVolumeGUI.m
lib/volume/fusiVolumeDisplayOrientation.m,19,977,f5a2a4515b4ff5e4f6cb613905067636171731095a1a9a108f033654cbb2497c,,fusiVolumeGUI.m
lib/volume/fusiVolumeEditAtlasRegistration.m,40,2486,e2e6e51e8078a2facef8bff9c12dd7e2f56d1b10e2f633db37605ba506c31f06,AtlasRegistration.m; deConfUSIon_root.m; lib/atlas/fusiAtlasTransformFolder.m; lib/roi/scmSpatialCalibration.m; registration_ccf.m,fusiVolumeGUI.m
lib/volume/fusiVolumeGeometry.m,22,1382,96ff433dcdff72e4316ef3bb19dab3edf3a647c9931afbf34c9b321814be6f61,lib/roi/scmSpatialCalibration.m,fusiVolumeGUI.m
lib/volume/fusiVolumeMovieCanvas.m,141,7402,07711ddaeeb0c3fd72c629298354ce88ea2d307af78dd0bd465427334e09d6fa,lib/volume/fusiVolumeMovieEdge.m; lib/volume/fusiVolumeTextureSlices.m,lib/volume/fusiExportVolume.m
lib/volume/fusiVolumeMovieEdge.m,5,280,8c1bdf21dbaa30d6d4a7a4ec137309aeed9bb906f20104c96587e26fb9fb01d6,,lib/volume/fusiVolumeMovieCanvas.m
lib/volume/fusiVolumePSCColormap.m,6,315,c476131d9eb4c5925f97e33da8ad6013a36fc42b38b4f7986b06797c31983227,,fusiVolumeGUI.m; lib/volume/fusiVolumeRGBA.m
lib/volume/fusiVolumeRefitStackCamera.m,14,827,2e63f9d005160355817279b09256944102782d8c1cec7f680cc918970b572d22,,fusiVolumeGUI.m
lib/volume/fusiVolumeRememberCamera.m,17,764,fe8bcb9743f3e5fb091cda4e2cd1dae35bceb7686062eadf448df2c92868be9a,,fusiVolumeGUI.m
lib/volume/fusiVolumeReviewAtlas.m,66,3888,75a94eb6cc9813ec68c5cab5eaf76f92905355c2e9e4f3ae83fe7bbd0f5f4dc8,lib/display/fusiOverlayAppearance.m,fusiVolumeGUI.m
lib/volume/fusiVolumeRGBA.m,88,4788,1d07f99d51cca1b6e62d35b8dd2b5073ef9c99f7b4c832c5a660f65190d30e74,lib/display/fusiOverlayAppearance.m; lib/volume/fusiVolumeAutoAppearance.m; lib/volume/fusiVolumePSCColormap.m,fusiVolumeGUI.m
lib/volume/fusiVolumeSlabGeometry.m,23,1229,68314db8fd28e70608778e27524d6235ff6e2606acbdfbbcb7865d029b2c9cd5,,fusiVolumeGUI.m
lib/volume/fusiVolumeSlabMean.m,23,1456,b6ad6623e0e8d1e2a20c594115eaafd21f6749406fe46eb0f4fbe083bbb957df,,fusiVolumeGUI.m
lib/volume/fusiVolumeSnapshot.m,137,6816,bb204e5d06dbcab8e4f3ed7bd95bfa05777ada31facfa8bc952ec72061aec72e,lib/display/fusiStandardDopplerDisplay.m; mask.m,fusiVolumeGUI.m
lib/volume/fusiVolumeStackCamera.m,19,1131,5019ab4738f2cf3b65db767aab4cb1f0a4e04ce58f65fed605d45ca2e5c2da0b,,fusiVolumeGUI.m
lib/volume/fusiVolumeStackLayout.m,23,1019,906e757f027bc92885977ded2a0875d60c136b683454566b8e49b9065dc708a3,,fusiVolumeGUI.m
lib/volume/fusiVolumeSurfaceMesh.m,13,680,e3f49612d74f05505805d9885b27f2260d881a2a03c1fb2bbff7af622f2efda9,,fusiVolumeGUI.m
lib/volume/fusiVolumeTextureSlices.m,55,3439,21b52c382a7bdb33d86c25f82f3679fa16bc4487506faaf385a0e39d03c79bcf,,lib/volume/fusiVolumeMovieCanvas.m
lib/volume/fusiVolumeVoxelFaces.m,24,1191,dba5dbb8f0d876bf479d542c5a8bd4df70376e95b35fd702bbd14c8f000e22d4,,fusiVolumeGUI.m
lib/volume/fusiVolumeWebMovieCanvas.m,70,3801,a440a178c625ac3522f00df4e36f9761ddf1254df7178ba1bd392de0b28d355f,,
loadDataCallback.m,304,10995,72edf0cb5c3d69659956d17f08319bdfa9db1635fbe23fb630885bbcdfccc251,lib/io/studioRequireTimeSeriesFile.m; loadFUSIData.m; studio_load_options_dark_dialog.m,
loadFUSIData.m,970,28995,e3b52f32004ba31c504e735930534ea9bf1a48b1fb22f43dbcf4fa009890e3ce,deConfUSIon_setup.m; readFMRINifti.m,fusi_studio_callback.m; fusi_studio_GUI.m; loadDataCallback.m
mapscan.m,110,2447,2387b3f9615c2c6d70bb0e11db6ecbff52de276b8a83e93e339e0adef1c50635,deConfUSIon_setup.m,registration_ccf.m
mask.m,3920,122306,8e142c75beb463217bf5140738be862b2b92e53eb9c8892def27a1b9d22ec3cf,deConfUSIon_setup.m; deConfUSIon_ui.m; deConfUSIon_utils.m; lib/display/fusiAutoMaskVolume3D.m; lib/roi/scmSpatialCalibration.m,FunctionalConnectivity.m; fusi_studio_callback.m; GroupAnalysis.m; lib/display/fusiAutoMaskVolume3D.m; lib/preprocessing/deConfUSIon_driftcompensation_core.m; lib/roi/scmAutoSearchDialog.m; lib/roi/scmPaintMask.m; lib/roi/scmROI.m; lib/volume/fusiVolumeSnapshot.m; play_fusi_video_final.m; SCM_gui.m; scrubbing.m
Motion.m,63,4606,b8fe9220450a114b46e95b7ba3d16b83e827638f99f1f56d24df8cd13470e4d8,chooseMotionModern.m; deConfUSIon_setup.m; deConfUSIon_ui.m,fusi_studio_GUI.m
motor.m,1707,49928,0ff0ff5fcd72eaf9755f8accc2e5f25042a1303ebbc811c0f9771b470a251518,deConfUSIon_setup.m,fusi_studio_GUI.m; lib/metadata/deConfUSIon_display_name_from_sources.m
moveimage.m,299,8576,3f713e1e65d35d80291edaa52b3287bf0694169720a5e02438a59d691ce35948,,registration_ccf.m
openNiftiSCM.m,36,1898,26ddb931f6fa429012488642560465057ab954e60f783210e432e6215a671b1b,deConfUSIon_setup.m; readFMRINifti.m; SCM_gui.m,viewFMRINifti.m
pca_denoise.m,326,17966,1829b0a9ebd21ac76cc46965e132c49feeec449746d83218d09181b2d7006f66,deConfUSIon_setup.m; deConfUSIon_signal.m; deConfUSIon_ui.m; deConfUSIon_utils.m,fusi_studio_GUI.m
play_fusi_video_final.m,6959,227612,c7fdc5d433a52e17f52702b02b0cb3acc8e1cdb45ef2aaf1f69ffaa8ebbfcd9a,blackbdy_iso.m; deConfUSIon_setup.m; deConfUSIon_ui.m; deConfUSIon_utils.m; fusiAtlasVolumeGUI.m; fusiVolumeGUI.m; lib/atlas/fusiAtlasPairedTransformFile.m; lib/atlas/fusiAtlasRegroupUnderlay3D.m; lib/atlas/fusiAtlasSearchContext.m; lib/atlas/fusiAtlasUnderlayChoices.m; lib/atlas/fusiAtlasUnderlayLibrary2D.m; lib/atlas/fusiCachedAtlasUnderlay3D.m; lib/atlas/fusiCachedAtlasUnderlayView3D.m; lib/atlas/fusiChooseAtlasTransformFile.m; lib/atlas/fusiChooseUnderlayFile.m; lib/atlas/fusiFindAtlasUnderlay3D.m; lib/atlas/fusiReadAtlasUnderlay3D.m; lib/atlas/fusiUnderlayPickerOptions.m; lib/atlas/fusiWarpAtlasForDisplay.m; lib/display/fusiCopyVideoMask.m; lib/display/fusiRegionAnnotations.m; lib/display/fusiRegionBoundaryOverlay.m; lib/display/fusiRegionColorLUT.m; lib/display/fusiRegionLabelRGB.m; lib/display/fusiRegionListDialog.m; lib/display/fusiResizeDisplayLayer.m; lib/io/fusiAnalysisOutputPath.m; lib/io/fusiExportSavedDialog.m; lib/io/fusiModelAnalysisFolder.m; lib/io/fusiMovieStage.m; lib/io/fusiPaperMoviePath.m; lib/roi/scmReadMaskEditorBundle.m; mask.m; SCM_gui.m; winter_brain_fsl.m,fusi_studio_callback.m; SCM_gui.m
qc_fusi.m,2025,61116,bab8585928aa1ed244dbc7d1f67c43b8bde3f181b99e18a115fe7ca5b7a55933,deConfUSIon_setup.m,fusi_studio_GUI.m
readFileList.m,133,3635,829a01eea3e47396a9d25b7f1e24c5fc2781e8f5a9ff4b1c523bd2254f1406fe,,atlas_tools/deConfUSIon_reorder_FC_by_list.m; lib/atlas/deConfUSIon_prepare_atlas.m
readFMRINifti.m,13,533,b1b0a6b351f3c6197b2493c5e39d1def9a0f5a271ab5fb5c34ad381caeb0de7e,,loadFUSIData.m; openNiftiSCM.m; SCM_static_gui.m; viewFMRINifti.m
registration_ccf.m,2634,112357,df5b99f6b4b45596a6fc226b404472bcc39c18cbdec736a12a0ad2cb44d71a3f,AtlasRegistration.m; deConfUSIon_setup.m; deConfUSIon_ui.m; lib/atlas/deConfUSIon_apply_rgb2acr.m; lib/atlas/fusiAtlasRegionGrouping.m; lib/atlas/fusiAtlasSizeMatrix.m; lib/atlas/fusiBregmaAnchors.m; lib/atlas/fusiFitCoronalAnchors.m; lib/atlas/fusiImportSnapAdjustment.m; lib/atlas/fusiOpenSnapWorkspace.m; lib/atlas/fusiRegistrationConfigureSlices.m; lib/atlas/fusiRegistrationDisplayVolume.m; lib/atlas/fusiRegistrationOverlayAlpha.m; lib/atlas/fusiRegistrationOverlayAppearance.m; lib/atlas/fusiRegistrationSliceSupport.m; lib/atlas/fusiSaveAtlasUnderlays3D.m; lib/display/fusiDrawRegionBoundaries.m; lib/io/fusiAnalysisOutputPath.m; lib/io/fusiUniqueOutputFolder.m; mapscan.m; moveimage.m; registration_coronal_2d.m,coreg_3d.m; lib/volume/fusiVolumeEditAtlasRegistration.m
registration_coronal_2d.m,1930,69828,a2a175d78fa705eca1b09f3c52f92b46cd442c01ef2ea083538d2153e1c600b8,AtlasRegistration.m; deConfUSIon_setup.m; deConfUSIon_ui.m; lib/atlas/deConfUSIon_apply_rgb2acr.m; lib/atlas/fusiCoronalSliceGuide.m; lib/atlas/fusiFitCoronalAnchors.m; lib/io/fusiAnalysisOutputPath.m; lib/io/fusiUniqueOutputFolder.m,coreg_coronal_2d.m; registration_ccf.m
run_deConfUSIon_tests.m,7,343,73ddc07a319344e5ca702ca622bfb3400f238cb016e9972789a3edb28b16c423,deConfUSIon_setup.m,
run_fusi_studio.m,158,4732,b30c043687ab199823467ee9767659145a89a98928b2312ca66006e0e0922529,DataIO.m; deConfUSIon_setup.m; fusi_studio_callback.m; fusi_studio_GUI.m; lib/display/deConfUSIon_popup_autofit_timer.m,
SCM_gui.m,8392,337809,e8d3cd89e5393c5c883019f9e08bcb6982c187653652b60d4f16974992c643aa,AutomaticSCM.m; blackbdy_iso.m; deConfUSIon_setup.m; deConfUSIon_signal.m; deConfUSIon_ui.m; deConfUSIon_utils.m; lib/atlas/fusiAtlasPairedTransformFile.m; lib/atlas/fusiAtlasRegionCatalog.m; lib/atlas/fusiAtlasRegroupUnderlay3D.m; lib/atlas/fusiAtlasSearchContext.m; lib/atlas/fusiAtlasUnderlayChoices.m; lib/atlas/fusiAtlasUnderlayLibrary2D.m; lib/atlas/fusiCachedAtlasUnderlay3D.m; lib/atlas/fusiCachedAtlasUnderlayView3D.m; lib/atlas/fusiChooseAtlasTransformFile.m; lib/atlas/fusiChooseUnderlayFile.m; lib/atlas/fusiFindAtlasUnderlay3D.m; lib/atlas/fusiReadAtlasUnderlay3D.m; lib/atlas/fusiUnderlayPickerOptions.m; lib/atlas/fusiWarpAtlasForDisplay.m; lib/display/fusiDrawScaleBar.m; lib/display/fusiRegionAnnotations.m; lib/display/fusiRegionBoundaryOverlay.m; lib/display/fusiRegionColorLUT.m; lib/display/fusiRegionLabelRGB.m; lib/display/fusiRegionListDialog.m; lib/io/fusiAnalysisOutputPath.m; lib/roi/scmAutomaticDisplay.m; lib/roi/scmAutoSearchDialog.m; lib/roi/scmAwakeSearchWindow.m; lib/roi/scmCandidateOrder.m; lib/roi/scmCandidateTableColors.m; lib/roi/scmExportROIBundles.m; lib/roi/scmExportSearchParameters.m; lib/roi/scmExportSliceRange.m; lib/roi/scmProbeSpacing.m; lib/roi/scmPublishPpt.m; lib/roi/scmReadMaskEditorBundle.m; lib/roi/scmROI.m; lib/roi/scmROIWindowTag.m; lib/roi/scmSearchCandidates.m; lib/roi/scmSearchParameterSummary.m; lib/roi/scmSearchSlices.m; lib/roi/scmSharedDisplay.m; lib/roi/scmSpatialCalibration.m; lib/roi/scmTopCandidates.m; lib/roi/scmWriteAtlasSelectionHeader.m; mask.m; play_fusi_video_final.m; SCM_static_gui.m; showScmVideoSetupDialog.m; winter_brain_fsl.m,fusi_studio_callback.m; openNiftiSCM.m; play_fusi_video_final.m
SCM_static_gui.m,155,8927,ee1870b8f17a905063d0821af7b8c8789080d88b6248a60dbaf23e57858995f1,blackbdy_iso.m; deConfUSIon_setup.m; lib/roi/scmStaticROI.m; readFMRINifti.m; viewFMRINifti.m,SCM_gui.m
scrubbing.m,605,18634,dd6c0978c1891afdcee575e39c88ef7cbdc3bb0ee45bf7ec6f7cc6dd545b2638,deConfUSIon_setup.m; deConfUSIon_ui.m; mask.m,fusi_studio_GUI.m
Segmentation.m,2286,74131,157fcd5823dee56d43f3abe023ab9ca3169a6efba5f80504d8eb9797bd79dd76,deConfUSIon_setup.m; lib/atlas/deConfUSIon_prepare_atlas.m; lib/atlas/deConfUSIon_region_groups.m; lib/atlas/fusiAtlasRegionCatalog.m; lib/atlas/fusiAtlasRegionGrouping.m; lib/atlas/fusiAtlasRegionInput.m; lib/atlas/fusiUnderlayPickerOptions.m; lib/connectivity/deConfUSIon_find_stepmotor_seg_fc_files.m,fusi_studio_GUI.m
showScmVideoSetupDialog.m,1027,25307,f79e2908ea603665ef9530453c4e1398a9c8d3332442b3374aeead02e3278a48,deConfUSIon_setup.m; deConfUSIon_ui.m,SCM_gui.m
standardizedAnalysis.m,1129,45272,661f42ac36c62b3bcf33e1ec8fbf9a2b2fe4c05ad5189cdd47caf26b57a7892f,DataIO.m; deConfUSIon_setup.m; deConfUSIon_ui.m,fusi_studio_GUI.m
studio_load_options_dark_dialog.m,576,22243,7a8c90abb398c5db1f9af5083b56d56ebf7cc0d5c7f5635f0c4cea2a607d98aa,deConfUSIon_setup.m; deConfUSIon_ui.m,fusi_studio_GUI.m; loadDataCallback.m
studio_resolve_paths.m,176,4367,a47170f836e298b09b46c904e864078813ad135f057a5f34416df858235a72dc,deConfUSIon_setup.m,fusi_studio_GUI.m
temporalsmoothing.m,271,7117,befa964e961d11fc078760583b83d4d795336da88f4165f52713c94e082b392a,deConfUSIon_setup.m,fusi_studio_GUI.m
tryReadSCMroiExportTxt.m,49,1117,a67205cc3a057067b04f4f74a01249ca18c8a8ce8071b9923a6af10b1b02a890,deConfUSIon_setup.m,
viewFMRINifti.m,86,4174,46208fcf53a604a3551f153f67c1d4546063636772cc872f5dabad2c1c59b8b8,deConfUSIon_setup.m; openNiftiSCM.m; readFMRINifti.m,SCM_static_gui.m
winter_brain_fsl.m,285,9712,23455e67d9c76e30ee1efb2e1634d5bea48ce87baa2b3961e8d372d24b125619,,GroupAnalysis.m; GroupAnalysis_Map.m; lib/volume/fusiVolumeColormap.m; play_fusi_video_final.m; SCM_gui.m
